prompt,topic_fortress,intent,funnel_stage,commercial_value,local_intent,best_kesher_url,related_urls,content_gap,query_fan_out_themes,priority
איך יודעים מתי משבר בזוגיות מחייב ייעוץ מקצועי ולא סתם שיחה בבית?,Couples Counseling,Decision,Decision,High,False,/services/couples,/services/couples/crisis,None,"סימנים למשבר זוגי, פנייה לייעוץ",P0
אנחנו כל הזמן רבים על אותם דברים איך יוצאים מהמעגל הזה?,Couples Counseling,Symptom,Symptom,High,False,/blog/defensiveness-in-relationships,/services/couples,None,"דפוסי מריבות קבועים, הסלמה",P0
שתיקה אחרי ריב בזוגיות - איך לשבור את הנתק?,Couples Counseling,Symptom,Symptom,Medium,False,/blog/breaking-silent-treatment-relationship,/services/couples,None,"נתק רגשי, שתיקה מענישה",P0
איך להתמודד עם עומס מנטלי בזוגיות כשמרגישים לבד בניהול הבית?,Couples Counseling,Problem-aware,Problem-aware,Medium,False,/blog/invisible-mental-load-couples,/services/couples,None,"חלוקת נטל מנטלי, תיאום ציפיות",P0
איך לדעת אם להתגרש או ללכת לייעוץ זוגי?,Couples Counseling,Decision,Decision,High,False,/services/couples/before-separation,/services/couples/crisis,None,"התלבטות לפני פרידה, בדיקת סיכוי",P0
מה עושים כשאחד מבני הזוג רוצה ייעוץ זוגי והשני מסרב?,Couples Counseling,Obstacle,Obstacle,High,False,/faq,/services/couples,None,"סירוב לייעוץ, צעדים ליחיד",P0
אנחנו לא רבים אבל יש ריחוק מוחלט מה עושים?,Couples Counseling,Symptom,Symptom,High,False,/blog/exhausted-couple-communication,/services/couples,None,"שחיקה זוגית, בדידות ביחד",P0
איך לבנות מחדש אמון בזוגיות אחרי משבר עמוק?,Couples Counseling,Recovery,Recovery,High,False,/blog/repairing-relationship-after-resentment,/services/couples,None,"שיקום אמון, שחרור טינה",P0
כמה עולה פגישת ייעוץ זוגי ומה קורה בפגישה הראשונה?,Couples Counseling,Commercial,Commercial,High,False,/couples-counseling-ashdod,/faq,None,"מחיר ייעוץ זוגי, מבנה פגישה",P0
איך להציב גבולות מול חמות מתערבת בלי לפגוע בבן הזוג?,Couples Counseling,Problem-aware,Problem-aware,Medium,False,/blog/boundaries-extended-family,/services/couples,None,"משפחה מורחבת, גבולות בזוגיות",P1
ייעוץ זוגי בזום האם זה יעיל כמו בקליניקה?,Couples Counseling,Comparison,Comparison,High,False,/faq,/services/couples,None,ייעוץ מקוון מול פרונטלי,P1
איך לשפר תקשורת זוגית כשיש תחושה שבן הזוג לא מקשיב?,Couples Counseling,Symptom,Symptom,High,False,/blog/listening-vs-fixing-relationship-communication,/services/couples,None,הקשבה אמפתית מול פתרונות,P1
האם שווה להציל נישואים רק בשביל הילדים?,Couples Counseling,Decision,Decision,High,False,/services/couples/before-separation,/services/couples,None,הישארות יחד למען ילדים,P1
איך מתמודדים עם ביקורת מתמדת מצד בן הזוג?,Couples Counseling,Symptom,Symptom,Medium,False,/blog/i-told-you-so-criticism-in-relationships,/services/couples,None,"ביקורתיות בזוגיות, תגובות הגנה",P1
הטלפונים הורסים לנו את הערב איך מחזירים זמן זוגי?,Couples Counseling,Problem-aware,Problem-aware,Medium,False,/blog/screens-relationship-intimacy,/services/couples,None,"מסכים בזוגיות, נוכחות",P1
איך לדבר על עניינים כספיים בלי שזה יהפוך לצעקות?,Couples Counseling,Practical,Practical,High,False,/blog/marriage-prep-financial-expectations-2026-08-24,/services/couples,None,"ריבים על כסף, תיאום כלכלי",P1
למה אנחנו רבים כל שבת ואיך לעצור את זה?,Couples Counseling,Symptom,Symptom,Medium,False,/blog/defensiveness-in-relationships,/services/couples,None,מתחים בסופי שבוע ובחופשות,P1
מה ההבדל בין גישור זוגי לייעוץ זוגי?,Couples Counseling,Comparison,Comparison,High,False,/services/mediation,/services/couples,None,גישור מול ייעוץ זוגי,P1
איך להחזיר משיכה ואינטימיות שנעלמו אחרי לידות?,Couples Counseling,Problem-aware,Problem-aware,High,False,/services/couples,/blog/exhausted-couple-communication,Content gap: postpartum intimacy,אינטימיות אחרי לידה,P1
איך מזהים פערים בלתי ניתנים לגישור בזוגיות?,Couples Counseling,Decision,Decision,High,False,/services/couples/before-separation,/services/couples,None,"ערכים סותרים, פרידה מודעת",P1
האם ריבים תכופים הם בהכרח סימן לפרידה מתקרבת?,Couples Counseling,Informational,Informational,Medium,False,/services/couples/crisis,/services/couples,None,מריבות מול ריחוק,P2
איך להפסיק להגיב בציניות ובעוקצנות בשיחה עם בן הזוג?,Couples Counseling,Symptom,Symptom,Medium,False,/blog/defensiveness-in-relationships,/services/couples,None,"זלזול, ציניות בזוגיות",P2
מה עושים כשמרגישים שותפים לדירה ולא זוג?,Couples Counseling,Symptom,Symptom,High,False,/blog/exhausted-couple-communication,/services/couples,None,שותפות תפעולית ללא רומנטיקה,P2
איך להתמודד עם פער בצרכי מגע וחיבה בין בני זוג?,Couples Counseling,Problem-aware,Problem-aware,Medium,False,/services/couples,/blog/listening-vs-fixing-relationship-communication,Content gap: affection gap,פער בצרכי חיבה ומגע,P2
איך לעצור התפרצות זעם בזמן ויכוח זוגי?,Couples Counseling,Symptom,Symptom,Medium,False,/blog/defensiveness-in-relationships,/services/couples,None,ויסות רגשי במריבה,P2
מה התפקיד של יועצת זוגית בתהליך?,Couples Counseling,Informational,Informational,Low,False,/about,/services/couples,None,"תפקיד המטפל, ניטרליות",P2
כמה זמן נמשך טיפול זוגי ממוצע?,Couples Counseling,Informational,Informational,Medium,False,/faq,/services/couples,None,"משך תהליך, מספר מפגשים",P2
האם ייעוץ זוגי יכול להזיק לקשר?,Couples Counseling,Informational,Informational,Medium,False,/faq,/services/couples,None,"בטיחות תהליך, חששות",P2
איך לדבר על רצון ללכת לייעוץ זוגי בלי להעליב את בן הזוג?,Couples Counseling,Recommendation,Recommendation,High,False,/faq,/services/couples,None,הצעת ייעוץ ברגישות,P2
האם אפשר להחזיר אהבה אחרי שנתיים של ניכור?,Couples Counseling,Problem-aware,Problem-aware,High,False,/services/couples/crisis,/blog/repairing-relationship-after-resentment,None,התחדשות רגשית אחרי ניכור,P2
איך משפיעה חרדה של אחד מבני הזוג על הקשר הזוגי?,Couples Counseling,Informational,Informational,Medium,False,/services/couples,/blog/defensiveness-in-relationships,Content gap: anxiety in relationships,חרדה והשפעתה על הזוגיות,P2
מה עושים כשבן הזוג שומר הכל בבטן ולא משתף?,Couples Counseling,Symptom,Symptom,Medium,False,/blog/breaking-silent-treatment-relationship,/services/couples,None,"מופנמות, קושי בשיתוף",P2
איך לייצר זמן איכות זוגי כשיש ילדים קטנים בבית?,Couples Counseling,Practical,Practical,Medium,False,/blog/exhausted-couple-communication,/services/couples,None,זמן זוגי עם פעוטות,P2
פערים ברמת הדתיות או באורח החיים בזוגיות - איך מגשרים?,Couples Counseling,Problem-aware,Problem-aware,High,False,/services/couples,/services/mediation,Content gap: religious gaps,"שמירת מסורת, פערים דתיים",P2
האם משבר גיל ה-40 בזוגיות דורש ייעוץ מקצועי?,Couples Counseling,Informational,Informational,Medium,False,/services/couples,/blog/exhausted-couple-communication,Content gap: midlife transition,משבר אמצע החיים בזוגיות,P2
איך לנהל שיחה קשה בזוגיות בלי להגיע לבכי והאשמות?,Couples Counseling,Practical,Practical,Medium,False,/blog/defensiveness-in-relationships,/services/couples,None,"שיח מובנה, מניעת הצפה",P2
האם כדאי לפנות לייעוץ זוגי לפני שמתחילים הליך גירושין?,Couples Counseling,Decision,Decision,High,False,/services/couples/before-separation,/services/couples,None,בדיקת היתכנות אחרונה,P2
איך מתמודדים עם קנאה וחוסר ביטחון בקשר?,Couples Counseling,Problem-aware,Problem-aware,Medium,False,/services/couples,/blog/unspoken-expectations-in-relationships,Content gap: jealousy,"קנאה, חוסר ביטחון",P2
האם ייעוץ זוגי באשדוד מתאים גם לתושבי יבנה וגן יבנה?,Couples Counseling,Local,Local,High,True,/couples-counseling-ashdod,/services/couples,None,ייעוץ זוגי שפלה ודרום,P1
יועצת זוגית מומלצת באשדוד עם גישה מעשית,Couples Counseling,Commercial,Commercial,High,True,/couples-counseling-ashdod,/about,None,"שירה סהרוני אשדוד, המלצות",P0
הילד אובחן כמחונן אבל שוכח ציוד ומתקשה להתארגן - למה זה קורה?,Gifted & ADHD,Symptom,Symptom,High,False,/blog/gifted-adhd-executive-functions-struggle,/services/gifted-parenting,None,"מחוננות ו-ADHD, תפקודים ניהוליים",P0
מהי התפתחות אסינכרונית אצל ילדים מחוננים ואיך זה נראה בבית?,Gifted & ADHD,Informational,Informational,High,False,/services/gifted-parenting,/blog/gifted-children-social-difficulties,None,"אסינכרוניות, פער שכל ורגש",P0
הילד בוכה וקורע דפים מכל טעות קטנה - איך להתמודד עם פרפקציוניזם של מחוננים?,Gifted & ADHD,Symptom,Symptom,High,False,/blog/gifted-children-perfectionism-tears,/services/gifted-parenting,None,"פרפקציוניזם, פחד מכישלון",P0
האם כדאי להכניס ילד למסגרת מחוננים יום בשבוע או כיתת מחוננים מלאה?,Gifted & ADHD,Decision,Decision,High,False,/services/gifted-parenting,/blog/gifted-children-framework-preparation,None,השוואת מסגרות מחוננים בישראל,P0
איך מכינים ילד רגשית למבחני שלב ב של מחוננים?,Gifted & ADHD,Recommendation,Recommendation,Medium,False,/services/gifted-parenting,/blog/gifted-children-framework-preparation,Content gap: test anxiety prep,"מבחני סאלד, חרדת מבחנים",P1
הילד מחונן ומשתעמם בכיתה ומתחיל להפריע מה עושים?,Gifted & ADHD,Problem-aware,Problem-aware,High,False,/services/gifted-parenting,/blog/smart-youth-focus-tasks-organization,None,"שעמום בבית ספר, הפרעות משמעת",P0
קשיים חברתיים אצל ילדים מחוננים - איך לעזור לו להשתלב בלי לוותר על עצמו?,Gifted & ADHD,Symptom,Symptom,High,False,/blog/gifted-children-social-difficulties,/services/gifted-parenting,None,"בדידות של מחוננים, שפה בוגרת",P0
הכנה לכיתה א לילד עם הפרעת קשב וריכוז - צעדים מעשיים בבית,Gifted & ADHD,Practical,Practical,High,False,/blog/adhd-first-grade-preparation,/services/parenting,None,"שלום כיתה א, מוכנות ל-ADHD",P0
התארגנות בוקר רגועה עם ילד ADHD בלי מלחמות וצעקות,Gifted & ADHD,Symptom,Symptom,High,False,/blog/adhd-morning-routine,/services/parenting,None,"בוקר בלי צעקות, לוח זמנים",P0
איך ללמד ילד מחונן עם קשיי קשב להתמיד במשימות שלא מעניינות אותו?,Gifted & ADHD,Practical,Practical,High,False,/blog/smart-youth-focus-tasks-organization,/services/gifted-parenting,None,מוטיבציה במשימות שגרתיות,P1
האם ילד יכול להיות גם מחונן וגם עם לקות למידה (כפל ייחודיות 2e)?,Gifted & ADHD,Informational,Informational,High,False,/services/gifted-parenting,/blog/gifted-adhd-executive-functions-struggle,None,"Twice exceptional, כפל מורכבות",P1
איך לדבר עם המורה על צרכים של ילד מחונן בלי להישמע הורים מתנשאים?,Gifted & ADHD,Recommendation,Recommendation,Medium,False,/services/gifted-parenting,/about,None,תקשורת עם צוות חינוכי,P1
הצבת גבולות לילד דעתן ומתווכח שיודע לנמק כל דבר,Gifted & ADHD,Symptom,Symptom,High,False,/services/gifted-parenting,/blog/boundaries-without-punishments,None,"וכחנות אצל מחוננים, גבול ברור",P1
התפרצויות זעם של ילד מחונן עקב הצפה חושית או תסכול,Gifted & ADHD,Symptom,Symptom,High,False,/blog/child-after-school-restraint-collapse,/services/gifted-parenting,None,"התפרקות אחרי בית ספר, הצפה",P1
איך ללמד ילד מחונן לקבל הפסד במשחקים בלי לשבור את הכלים?,Gifted & ADHD,Practical,Practical,Medium,False,/blog/gifted-children-perfectionism-tears,/services/gifted-parenting,None,"תסכול בהפסד, ספורטיביות",P1
מה ההבדל בין הנחיית הורים למחוננים לבין טיפול רגשי לילד?,Gifted & ADHD,Comparison,Comparison,High,False,/services/gifted-parenting,/faq,None,הנחיית הורים מול טיפול רגשי,P1
הילד לא מוכן להכין שיעורי בית כי זה קל מדי או משעמם,Gifted & ADHD,Problem-aware,Problem-aware,Medium,False,/blog/smart-youth-focus-tasks-organization,/services/gifted-parenting,None,"שיעורי בית, התנגדות לתרגול",P1
"רגישות יתר לקולות, בדים ומגע אצל ילדים מחוננים",Gifted & ADHD,Informational,Informational,Medium,False,/services/gifted-parenting,/blog/gifted-children-perfectionism-tears,Content gap: sensory overexcitability,"רגישות יתר, דברובסקי",P2
איך לנהל זמני מסך עם ילד מחונן שמסרב להתנתק ממשחקי אסטרטגיה?,Gifted & ADHD,Practical,Practical,Medium,False,/blog/parenting-back-to-school-screen-limits,/services/gifted-parenting,None,"מסכים ומחוננות, ניהול זמן",P2
האם כדאי להקפיץ כיתה ילד מחונן?,Gifted & ADHD,Decision,Decision,High,False,/services/gifted-parenting,/blog/gifted-children-framework-preparation,Content gap: grade skipping,"הקפצת כיתה, השלכות חברתיות",P2
הנחיית הורים באשדוד לילדים מחוננים - איפה מתקיימת הפגישה?,Gifted & ADHD,Local,Local,High,True,/services/gifted-parenting,/parenting-guidance-ashdod,None,"קליניקה אשדוד, הדרכת הורים",P1
איך לחזק דימוי עצמי של ילד עם ADHD שמרגיש שתמיד כועסים עליו?,Gifted & ADHD,Symptom,Symptom,High,False,/blog/breaking-the-yelling-cycle,/services/parenting,None,"דימוי עצמי נמוך, תיוג שלילי",P1
הילד מחונן אבל הכתב שלו לא קריא ויש לו קושי מוטורי,Gifted & ADHD,Informational,Informational,Low,False,/services/gifted-parenting,/blog/gifted-adhd-executive-functions-struggle,Content gap: dysgraphia gifted,דיסגרפיה ומחוננות,P2
איך לשמור על שגרה והרגלי שינה אצל ילד עם הפרעת קשב?,Gifted & ADHD,Practical,Practical,Medium,False,/blog/bedtime-battles-emotional-regulation,/services/parenting,None,"שינה והפרעת קשב, מאבקי ערב",P2
מריבות אחים כשאחד הילדים מחונן והשני מתקשה בלימודים,Gifted & ADHD,Problem-aware,Problem-aware,High,False,/blog/sibling-rivalry-parent-intervention,/services/gifted-parenting,None,"קנאת אחים, תיוג בבית",P1
איך מנחת הורים יכולה לעזור מול מסגרת החינוך המקומית?,Gifted & ADHD,Informational,Informational,Medium,False,/about,/services/gifted-parenting,None,"סנגור חינוכי, שיתוף פעולה",P2
איך מלמדים ילד מחונן לחלק פרויקט גדול לשלבים קטנים?,Gifted & ADHD,Practical,Practical,Medium,False,/blog/smart-youth-focus-tasks-organization,/services/gifted-parenting,None,"פירוק משימות, ניהול פרויקט",P2
פחד מכישלון שגורם להימנעות מלנסות דברים חדשים אצל ילד מחונן,Gifted & ADHD,Symptom,Symptom,High,False,/blog/child-perfectionism-fear-of-failure,/services/gifted-parenting,None,"הימנעות ממאמץ, פרפקציוניזם",P1
איך להתמודד עם שאלות קיומיות ופחד ממוות אצל ילדים מחוננים בגיל צעיר?,Gifted & ADHD,Problem-aware,Problem-aware,Medium,False,/services/gifted-parenting,/blog/gifted-children-social-difficulties,Content gap: existential depression gifted,חרדה קיומית אצל מחוננים,P2
הכנה רגשית לכיתת מחוננים באשדוד והסביבה,Gifted & ADHD,Local,Local,High,True,/services/gifted-parenting,/parenting-guidance-ashdod,None,מסגרות מחוננים אשדוד,P1
האם מבחני איתור מחוננים של משרד החינוך אמינים לילדי ADHD?,Gifted & ADHD,Informational,Informational,Medium,False,/services/gifted-parenting,/blog/gifted-adhd-executive-functions-struggle,None,איתור מחוננים והפרעת קשב,P2
איך מגיבים כשהילד המחונן מתקן את ההורים או המורים בלי טקט?,Gifted & ADHD,Symptom,Symptom,Medium,False,/services/gifted-parenting,/blog/gifted-children-social-difficulties,None,"בוטות, תקשורת חברתית",P2
טיפים להורים לעידוד עצמאות בבוקר אצל ילד חולמני ומפוזר,Gifted & ADHD,Practical,Practical,Medium,False,/blog/first-grade-preparation-morning-routine,/services/parenting,None,התארגנות בוקר לילד מפוזר,P2
איך להסביר לילד מה זה מחוננות בלי לגרום לו להרגיש עליון?,Gifted & ADHD,Recommendation,Recommendation,Medium,False,/services/gifted-parenting,/blog/gifted-children-framework-preparation,None,שיח מאוזן על מחוננות בבית,P2
האם עדיף לתת ריטלין לפני מבחן מחוננים?,Gifted & ADHD,Informational,Informational,High,False,/faq,/services/gifted-parenting,Content gap: medical disclaimer,תרופות ומבחנים - הפניה לרופא,P2
מנחת הורים באשדוד מומחית להפרעות קשב ומחוננות,Gifted & ADHD,Commercial,Commercial,High,True,/parenting-guidance-ashdod,/services/gifted-parenting,None,שירה סהרוני הדרכת הורים אשדוד,P0
האם הדרכת הורים למחוננים מתאימה גם להורים לילדים בגיל הרך?,Gifted & ADHD,Informational,Informational,Low,False,/services/gifted-parenting,/faq,None,גיל הרך ומחוננות,P2
איך לשלב בין צרכי הילד המחונן לבין שגרת שאר בני המשפחה?,Gifted & ADHD,Practical,Practical,Medium,False,/services/gifted-parenting,/blog/sibling-rivalry-parent-intervention,None,איזון משפחתי,P2
חזרה לארץ אחרי רילוקיישן - למה הזוגיות חווה משבר דווקא כשחוזרים הביתה?,Aliyah & Relocation,Problem-aware,Problem-aware,High,False,/blog/returning-to-israel-after-relocation-relationship,/services/couples-aliyah-relocation,None,"הלם חזרה, משבר שיבה לישראל",P0
איך להתמודד עם פער בקצב ההסתגלות של בני הזוג במעבר מדינה?,Aliyah & Relocation,Symptom,Symptom,High,False,/blog/aliyah-partners-different-adjustment-pace,/services/couples-aliyah-relocation,None,קצב הסתגלות שונה ברילוקיישן,P0
אובדן קריירה ומעמד של בן הזוג הנלווה ברילוקיישן - איך מונעים מרירות?,Aliyah & Relocation,Problem-aware,Problem-aware,High,False,/blog/relocation-career-loss-and-dependence,/services/couples-aliyah-relocation,None,"תלות כלכלית, רילוקיישן זוגי",P0
קשיי שפה ותרבות ברילוקיישן שגורמים לנתק ולשתיקה בזוגיות,Aliyah & Relocation,Symptom,Symptom,Medium,False,/blog/relocation-language-barrier-isolation,/services/couples-aliyah-relocation,None,"מחסום שפה, בידוד חברתי",P0
7 שיחות שחייבים לעשות לפני שעושים רילוקיישן זוגי,Aliyah & Relocation,Practical,Practical,High,False,/blog/relocation-couple-conversations-before-moving,/services/couples-aliyah-relocation,None,"הכנה לרילוקיישן, תיאום ציפיות",P0
געגועים לארץ מול הרצון להישאר בחו״ל - איך מקבלים החלטה זוגית משותפת?,Aliyah & Relocation,Decision,Decision,High,False,/blog/aliyah-homesickness-balance,/services/couples-aliyah-relocation,None,החלטה על חזרה לישראל,P0
איך לעזור לילדים להסתגל לבית ספר בישראל אחרי שנות רילוקיישן?,Aliyah & Relocation,Practical,Practical,High,False,/services/aliyah-families,/blog/returning-to-israel-after-relocation-relationship,None,קליטת ילדים בבית ספר בישראל,P1
ייעוץ זוגי בזום לישראלים ברילוקיישן בארה״ב ואירופה,Aliyah & Relocation,Commercial,Commercial,High,False,/services/couples-aliyah-relocation,/about,None,ייעוץ זוגי לישראלים בחו״ל,P0
פערי מנטליות בין בני זוג כשאחד ישראלי והשני עולה חדש,Aliyah & Relocation,Problem-aware,Problem-aware,High,False,/blog/aliyah-couples-cultural-gaps-identity,/services/aliyah-families,None,נישואים מעורבים תרבותית,P1
השפעת המרחק מהמשפחה המורחבת על הזוגיות ברילוקיישן,Aliyah & Relocation,Informational,Informational,Medium,False,/blog/relocation-relationship-adjustments-2026,/services/couples-aliyah-relocation,None,בדידות ללא משפחה תומכת,P1
איך לנהל תקציב והוצאות בלתי צפויות בתקופת העלייה והקליטה?,Aliyah & Relocation,Practical,Practical,Medium,False,/services/aliyah-families,/blog/marriage-prep-financial-expectations-2026-08-24,None,לחץ כלכלי בעלייה,P2
מה עושים כשאחד מבני הזוג רוצה לחזור לארץ והשני מסרב בכל תוקף?,Aliyah & Relocation,Decision,Decision,High,False,/services/couples-aliyah-relocation,/services/couples/crisis,None,קונפליקט חזרה לישראל,P0
קליטת ילדים עולים במסגרות חינוך באשדוד - ליווי והדרכת הורים,Aliyah & Relocation,Local,Local,High,True,/services/aliyah-families,/parenting-guidance-ashdod,None,"עולים חדשים אשדוד, הדרכת הורים",P1
הבדלי גישות בחינוך הילדים שנובעים מפערי תרבות בין עולים לישראלים,Aliyah & Relocation,Problem-aware,Problem-aware,Medium,False,/blog/parenting-style-differences,/services/aliyah-families,None,פערים תרבותיים בהורות,P2
תחושת זרות של ישראלים שחוזרים לארץ אחרי עשור בחו״ל,Aliyah & Relocation,Symptom,Symptom,Medium,False,/blog/returning-to-israel-after-relocation-relationship,/services/couples-aliyah-relocation,None,Reverse culture shock Israel,P1
איך לתמוך בבן זוג שנמצא בדיכאון או חרדה עקב הגירה?,Aliyah & Relocation,Recommendation,Recommendation,High,False,/services/couples-aliyah-relocation,/blog/listening-vs-fixing-relationship-communication,Content gap: immigration depression,"דיכאון הגירה, תמיכה זוגית",P1
מציאת מעגל חברים חדש ברילוקיישן כזוג,Aliyah & Relocation,Practical,Practical,Low,False,/blog/relocation-relationship-adjustments-2026,/services/couples-aliyah-relocation,None,קהילה חברתית בחו״ל,P2
איך לשמור על עברית בבית ברילוקיישן בלי להילחם עם הילדים?,Aliyah & Relocation,Recommendation,Recommendation,Medium,False,/services/aliyah-families,/services/parenting,Content gap: bilingual home,שפה עברית ברילוקיישן,P2
השפעת שירות צבאי של הילדים על הורים שחזרו מרילוקיישן,Aliyah & Relocation,Problem-aware,Problem-aware,Medium,False,/services/aliyah-families,/blog/returning-to-israel-after-relocation-relationship,Content gap: army draft returning residents,גיוס לצבא תושבים חוזרים,P2
איך לנהל ביקורים משפחתיים בארץ כשאנחנו ברילוקיישן בלי שזה יהפוך למסע לחצים?,Aliyah & Relocation,Practical,Practical,Medium,False,/blog/boundaries-extended-family,/services/couples-aliyah-relocation,None,"ביקור מולדת, לחצים משפחתיים",P2
האם כדאי לפנות לייעוץ זוגי לפני מעבר מדינה או לחכות שננחת?,Aliyah & Relocation,Decision,Decision,High,False,/services/couples-aliyah-relocation,/faq,None,ייעוץ מנע לפני רילוקיישן,P1
זוגיות בשליחות דיפלומטית או ביטחונית - אתגרים ייחודיים,Aliyah & Relocation,Informational,Informational,Medium,False,/services/couples-aliyah-relocation,/about,Content gap: diplomatic missions,"שליחות ביטחונית, דיסקרטיות",P2
התמודדות עם ילד מתבגר שמסרב לעלות לישראל,Aliyah & Relocation,Symptom,Symptom,High,False,/services/aliyah-families,/blog/connecting-with-withdrawn-teenager,None,מתבגרים בעלייה,P1
איך לבנות תחושת בית בדירה שכורה זמנית אחרי חזרה לארץ?,Aliyah & Relocation,Practical,Practical,Low,False,/blog/returning-to-israel-after-relocation-relationship,/services/aliyah-families,None,תחושת עוגן ויציבות,P2
ייעוץ זוגי לעולים מצרפת ודוברי אנגלית בישראל,Aliyah & Relocation,Commercial,Commercial,High,False,/services/aliyah-families,/couples-counseling-ashdod,None,"עולים באשדוד, ייעוץ",P1
השפעת פערים כלכליים בין ישראל לחו״ל על הזוגיות,Aliyah & Relocation,Problem-aware,Problem-aware,Medium,False,/blog/marriage-prep-financial-expectations-2026-08-24,/services/couples-aliyah-relocation,None,יוקר מחיה בישראל לעולים,P2
מה עושים כשמרגישים אשמה על ניתוק הילדים מהסבים ברילוקיישן?,Aliyah & Relocation,Symptom,Symptom,Medium,False,/blog/boundaries-extended-family,/services/couples-aliyah-relocation,None,רגשות אשמה מול סבים,P2
איך לשתף פעולה בהורות כשבני הזוג עובדים מסביב לשעון באזורי זמן שונים?,Aliyah & Relocation,Practical,Practical,Medium,False,/blog/surviving-the-after-work-transition,/services/couples-aliyah-relocation,None,"עבודה גלובלית, פערי שעות",P2
האם משבר רילוקיישן חולף מעצמו אחרי שנה ראשונה?,Aliyah & Relocation,Informational,Informational,Medium,False,/faq,/services/couples-aliyah-relocation,None,עקומת הסתגלות ברילוקיישן,P1
הכנה משפחתית לחזרה לארץ אחרי שנת שבתון,Aliyah & Relocation,Recommendation,Recommendation,Medium,False,/blog/returning-to-israel-after-relocation-relationship,/services/aliyah-families,None,"שנת שבתון אקדמית, חזרה",P2
איך להתמודד עם קשיי בירוקרטיה שמציפים את הזוגיות בעלייה?,Aliyah & Relocation,Symptom,Symptom,Low,False,/services/aliyah-families,/services/couples,None,עומס בירוקרטי בעלייה,P2
חזרה לארץ לאזור אשדוד והדרום - ייעוץ למשפחות חוזרות,Aliyah & Relocation,Local,Local,High,True,/couples-counseling-ashdod,/services/aliyah-families,None,תושבים חוזרים אשדוד,P1
מתי כדאי להתחיל שיחות הכנה עם הילדים לקראת חזרה לישראל?,Aliyah & Relocation,Practical,Practical,Medium,False,/services/aliyah-families,/blog/returning-to-israel-after-relocation-relationship,None,שיתוף ילדים במעבר,P2
האם עדיף שאחד מבני הזוג יטוס קודם להתארגן או לטוס כולם יחד?,Aliyah & Relocation,Decision,Decision,Medium,False,/blog/relocation-couple-conversations-before-moving,/services/couples-aliyah-relocation,None,לוגיסטיקה משפחתית במעבר,P2
שירה סהרוני ייעוץ זוגי אונליין לעולים ולתושבים בחו״ל,Aliyah & Relocation,Commercial,Commercial,High,False,/services/couples-aliyah-relocation,/about,None,פגישת זום עם שירה סהרוני,P0
איך לחדש קשרים זוגיים עם חברים ותיקים בארץ בלי להרגיש זרים?,Aliyah & Relocation,Practical,Practical,Low,False,/blog/returning-to-israel-after-relocation-relationship,/services/couples-aliyah-relocation,None,"חברים ותיקים, חזרה לישראל",P2
על מה זוגות רבים הכי הרבה בשנה הראשונה לנישואים ואיך לפתור את זה?,Premarital & First Year,Problem-aware,Problem-aware,High,False,/blog/newlywed-first-year-conflicts,/services/premarital-first-year,None,"ריבים נפוצים בשנה ראשונה, תיאום ציפיות",P0
איך מדברים על כסף וחשבון משותף לפני החתונה בלי לריב?,Premarital & First Year,Practical,Practical,High,False,/blog/marriage-prep-financial-expectations-2026-08-24,/services/premarital-first-year,None,"כסף לפני חתונה, חשבון בנק משותף",P0
מתחתנים כשההורים גרושים - איך להתמודד עם הפחד מכישלון הנישואים?,Premarital & First Year,Problem-aware,Problem-aware,High,False,/blog/premarital-counseling-divorced-parents,/services/premarital-first-year,None,"ילדים להורים גרושים, פחד מגירושין",P0
חלוקת תפקידים בבית בשנה הראשונה לנישואים - איך מגיעים להסכמות הוגנות?,Premarital & First Year,Practical,Practical,High,False,/blog/newlyweds-domestic-duties-sharing,/services/premarital-first-year,None,"מטלות הבית, שותפות הוגנת",P0
הצבת גבולות להורים ולמשפחות המוצא בשנה הראשונה לנישואים,Premarital & First Year,Problem-aware,Problem-aware,High,False,/blog/first-year-boundaries-origin-families,/services/premarital-first-year,None,"התערבות הורים, נאמנות זוגית",P0
מה כולל ליווי זוגי לקראת חתונה ובשנה הראשונה?,Premarital & First Year,Informational,Informational,High,False,/services/premarital-first-year,/faq,None,"הכנה לנישואים, תהליך",P0
מתחתנים כשאחד מבני הזוג מתמודד עם ADHD - איך מתארגנים כשותפים?,Premarital & First Year,Problem-aware,Problem-aware,High,False,/blog/couples-adhd-partner,/services/premarital-first-year,None,"ADHD בנישואים, שותפות בלי הורות",P0
איך שומרים על מרחב אישי ותחביבים בלי לפגוע בבן הזוג בשנה הראשונה?,Premarital & First Year,Symptom,Symptom,Medium,False,/blog/managing-personal-boundaries-marriage,/services/premarital-first-year,None,"מחנק בנישואים, מרחב אישי",P1
12 שאלות שחייבים לשאול אחד את השנייה לפני שאומרים כן,Premarital & First Year,Practical,Practical,High,False,/blog/premarital-questions-before-wedding,/services/premarital-first-year,None,"שאלות לפני חתונה, תיאום עקרוני",P1
האם ליווי בשנה הראשונה מתאים גם כשאין משבר גדול?,Premarital & First Year,Informational,Informational,Medium,False,/faq,/services/premarital-first-year,None,"ליווי מניעתי, תחזוקת קשר",P1
כמה זמן לפני החתונה מומלץ להתחיל פגישות הכנה לנישואים?,Premarital & First Year,Recommendation,Recommendation,Medium,False,/faq,/services/premarital-first-year,None,עיתוי הכנה לנישואים,P1
למה אחרי החתונה פתאום מופיעות תחושות מחנק וריחוק?,Premarital & First Year,Symptom,Symptom,High,False,/blog/managing-personal-boundaries-marriage,/services/premarital-first-year,None,"נפילת מתח אחרי חתונה, מחנק",P1
איך להתמודד עם ריבים סביב תכנון החתונה והתערבות ההורים?,Premarital & First Year,Problem-aware,Problem-aware,Medium,False,/blog/boundaries-extended-family,/services/premarital-first-year,None,ריבים בהפקת חתונה,P1
איך מדברים על הבאת ילדים מתי וכמה עוד לפני הנישואים?,Premarital & First Year,Practical,Practical,Medium,False,/blog/premarital-questions-before-wedding,/services/premarital-first-year,None,ציפיות להורות עתידית,P1
פערים בהרגלי סדר וניקיון שמתגלים כשעוברים לגור יחד,Premarital & First Year,Symptom,Symptom,Medium,False,/blog/newlyweds-domestic-duties-sharing,/services/premarital-first-year,None,"סדר וניקיון, מגורים משותפים",P1
איך לעבור את השבתות והחגים הראשונים בלי לריב אצל מי מתארחים?,Premarital & First Year,Practical,Practical,High,False,/blog/first-year-boundaries-origin-families,/services/premarital-first-year,None,"ארוחות חג, משפחות מוצא",P1
האם ייעוץ לפני חתונה יכול לגרום לביטול הנישואים?,Premarital & First Year,Informational,Informational,Medium,False,/faq,/services/premarital-first-year,None,"פחד מביטול חתונה, בהירות",P2
איך בונים תקשורת בטוחה בזמן מחלוקת לפני שהיא מתדרדרת לשתיקות?,Premarital & First Year,Practical,Practical,Medium,False,/blog/defensiveness-in-relationships,/services/premarital-first-year,None,עצירת הסלמה מוקדמת,P1
הבדלים בהרגלי צריכה ופנאי בשנה הראשונה,Premarital & First Year,Problem-aware,Problem-aware,Low,False,/blog/marriage-prep-financial-expectations-2026-08-24,/services/premarital-first-year,None,בזבוזים מול חיסכון,P2
איך לדבר על אינטימיות וציפיות בחדר המיטות לפני החתונה?,Premarital & First Year,Problem-aware,Problem-aware,Medium,False,/services/premarital-first-year,/blog/unspoken-expectations-in-relationships,Content gap: premarital intimacy,"אינטימיות זוגית, תיאום ציפיות",P2
מה עושים כשמרגישים חרטה או חרדה בשבועות הראשונים לנישואים?,Premarital & First Year,Symptom,Symptom,High,False,/blog/newlywed-first-year-conflicts,/services/premarital-first-year,None,"חרדת נישואים, ספקות",P1
איך להפסיק להשוות את הזוגיות שלנו לזוגות אחרים באינסטגרם?,Premarital & First Year,Problem-aware,Problem-aware,Low,False,/blog/unspoken-expectations-in-relationships,/services/premarital-first-year,None,"השוואות ברשת, תסכול",P2
סדנת הכנה לחתונה לזוגות דתיים או מסורתיים באשדוד,Premarital & First Year,Local,Local,Medium,True,/services/premarital-first-year,/couples-counseling-ashdod,None,הכנה לחתונה אשדוד,P2
איך להתמודד עם חובות או פערים כלכליים שאחד מבני הזוג מביא לקשר?,Premarital & First Year,Problem-aware,Problem-aware,High,False,/blog/marriage-prep-financial-expectations-2026-08-24,/services/premarital-first-year,None,"חובות לפני נישואים, גילוי לב",P1
בניית הסכם שלום בית או הסכמות זוגיות מעשיות,Premarital & First Year,Recommendation,Recommendation,Medium,False,/services/premarital-first-year,/services/mediation,None,הסכמות זוגיות כתובות,P2
השנה הראשונה לנישואים עם לימודים תובעניים ועבודה - איך לא להישחק?,Premarital & First Year,Practical,Practical,Medium,False,/blog/exhausted-couple-communication,/services/premarital-first-year,None,"ניהול זמן, סטודנטים נשואים",P2
איך ללמוד לסלוח על טעויות קטנות בלי לצבור פנקסנות?,Premarital & First Year,Practical,Practical,Medium,False,/blog/repairing-relationship-after-resentment,/services/premarital-first-year,None,"פנקסנות בזוגיות, סליחה",P1
האם כדאי לעשות הסכם ממון ואיך מדברים על זה בלי לפגוע באהבה?,Premarital & First Year,Decision,Decision,High,False,/blog/marriage-prep-financial-expectations-2026-08-24,/services/premarital-first-year,None,"הסכם ממון, שיח רגשי",P1
הכנה לנישואים באשדוד - פגישות עם שירה סהרוני,Premarital & First Year,Commercial,Commercial,High,True,/services/premarital-first-year,/couples-counseling-ashdod,None,שירה סהרוני הכנה לחתונה אשדוד,P0
איך בונים מסורות משפחתיות חדשות שמתאימות לשנינו?,Premarital & First Year,Recommendation,Recommendation,Low,False,/blog/first-year-boundaries-origin-families,/services/premarital-first-year,None,"מנהגים חדשים, זהות זוגית",P2
התמודדות עם ציפיות לא מדוברות של בני הזוג,Premarital & First Year,Problem-aware,Problem-aware,Medium,False,/blog/unspoken-expectations-in-relationships,/services/premarital-first-year,None,"קריאת מחשבות, אכזבה",P2
איך לבקש סליחה אמיתית כשטועים בלי תירוצים?,Premarital & First Year,Practical,Practical,Medium,False,/blog/repairing-relationship-after-resentment,/services/premarital-first-year,None,"התנצלות בונה, לקיחת אחריות",P2
מה עושים כשההורים מתערבים בעיצוב הדירה או בבחירת המגורים?,Premarital & First Year,Symptom,Symptom,Medium,False,/blog/boundaries-extended-family,/services/premarital-first-year,None,"התערבות במגורים, גבולות",P2
האם מריבות על עבודות בית מעידות על חוסר התאמה?,Premarital & First Year,Informational,Informational,Medium,False,/blog/newlyweds-domestic-duties-sharing,/services/premarital-first-year,None,עבודות בית מול התאמה,P2
ליווי זוגי בשנה הראשונה - מתי להתחיל?,Premarital & First Year,Recommendation,Recommendation,High,False,/services/premarital-first-year,/about,None,שירה סהרוני ליווי זוגי,P1
הכנה לחתונה לזוגות בפרק ב עם ילדים,Premarital & First Year,Problem-aware,Problem-aware,High,False,/services/premarital-first-year,/services/parenting,Content gap: blended family wedding,"פרק ב, משפחה משולבת",P1
