issue_id,intent_cluster,url_1,url_2,overlap_type,severity,evidence,recommendation,confidence
CANNIBAL-01,Online couples counseling,/services/couples,PROPOSED /services/online-couples-counseling,Same commercial service intent,HIGH,"Existing /services/couples already targets online/Zoom in title metadata schema and copy","Do not create second SEO service page; expand /services/couples",HIGH
CANNIBAL-02,First-date conversation,/blog/new-relationship-initial-intentions,Potential new first-date article,Adjacent but distinct dating stage,MEDIUM,"Existing article focuses on intentions around third/fourth dates; Related/PAA evidence concerns first-date conversation","Do not pivot existing intentions article. Keep first-date article candidate in Wave 2/NEEDS_REVIEW",HIGH
CANNIBAL-03,Early relationship pacing,/blog/dating-transition-to-relationship-boundaries,/blog/new-relationship-initial-intentions,Adjacent early-dating intent,MEDIUM,"Both discuss early dating but one is pacing/reciprocity and the other is expectations/intentions","Differentiate by user problem, not arbitrary date numbers; update boundaries article for enthusiasm/pacing query",HIGH
CANNIBAL-04,Money conflicts,/blog/money-fights-communication,/blog/marriage-prep-financial-expectations-2026-08-24,Money topic at different relationship stages,MEDIUM,"Draft targets recurring financial conflict; published article targets premarital expectations","Keep both only if draft stays on conflict/communication and avoids premarital planning duplication",MEDIUM
CANNIBAL-05,ADHD couples,/blog/couples-adhd-partner,/blog/couples-adhd-premarital-planning,Same condition different lifecycle stage,LOW,"One article is established-couple impact; one is premarital planning","Maintain both with clear stage differentiation and cross-links",MEDIUM
CANNIBAL-06,Teen social anxiety,parenting-teen-social-anxiety,/services/parenting,Parent support vs clinical mental-health intent,HIGH,"Phase 2 SERP is health/clinical-heavy; exact parental-guidance keyword was synthesized","Keep out of Wave 1. If revived, frame parent support/referral only and link to parenting service",HIGH
CANNIBAL-07,Parenting boundaries,/blog/boundaries-without-punishments,/blog/breaking-the-yelling-cycle,Related parenting pain points,MEDIUM,"PAA connects boundaries and yelling but user goals differ","Boundaries article = setting limits; yelling-cycle article = parent self-regulation",HIGH
CANNIBAL-08,Local couples counseling,/couples-counseling-ashdod,/services/couples,Local vs general/online service overlap,MEDIUM,"Both mention Ashdod and online; local page contains price, booking and local details","Keep local page for Ashdod BOFU; use /services/couples as general/online service authority and link bidirectionally",HIGH
CANNIBAL-09,Postpartum relationship,/blog/relationship-after-childbirth,/services/couples,Informational problem vs service page,LOW,"Distinct informational cluster with direct path to couples service","Publish one comprehensive article and link to service; no separate micro-pages for each postpartum variation",HIGH
