url,route,page_type,title,h1,primary_topic,secondary_topics,service_relation,intended_audience,likely_search_intent,current_cta,internal_links_in,internal_links_out,canonical,indexability,notes
https://kesher.saharoni.com,/,homepage,שירה סהרוני | ייעוץ זוגי והנחיית הורים,אפשר לבחור לבנות את הקשר אחרת. יחד.,ייעוץ זוגי והנחיית הורים באשדוד ואונליין,"תקשורת זוגית, משברים, הדרכת הורים, מחוננים, ADHD, גישור",שער ראשי לכלל השירותים,"זוגות, הורים ומשפחות בתקופות מעבר או משבר","Navigational / Commercial Investigation (שירה סהרוני, ייעוץ זוגי באשדוד)",תיאום שיחת היכרות / WhatsApp,102,23,https://kesher.saharoni.com,INDEXABLE,דף הבית המרכזי
https://kesher.saharoni.com/about,/about,about,"אודות שירה סהרוני | יועצת זוגית, מנחת הורים ומגשרת",אני שירה סהרוני,פרופיל מקצועי והכשרה,"עורכת דין בהכשרתה, מגשרת מוסמכת, יועצת זוגית, מנחת הורים, פילוסופיית עבודה",כללי - חיזוק אמון וסמכות מקצועית (E-E-A-T),לקוחות פוטנציאליים הבודקים הסמכות ורקע מקצועי,Navigational / Informational (שירה סהרוני אודות/הסמכה),תיאום שיחת היכרות / WhatsApp,102,23,https://kesher.saharoni.com/about,INDEXABLE,כולל סכמת ProfilePage מפורטת
https://kesher.saharoni.com/services/couples,/services/couples,service,ייעוץ זוגי באשדוד ואונליין | שירה סהרוני,לדבר על מה שקורה לפני ששוברים את הכלים,ייעוץ זוגי כללי ופרטני,"תקשורת זוגית, שחיקה, ריחוק רגשי, משברים, דפוסי תגובה",שירות ליבה: ייעוץ זוגי,זוגות החווים קושי בתקשורת או ריחוק,"Commercial / Transactional (ייעוץ זוגי, טיפול זוגי באשדוד/אונליין)",לתיאום פגישה ראשונה / שיחת היכרות,102,23,https://kesher.saharoni.com/services/couples,INDEXABLE,עמוד שירות עוגן לתחום הזוגיות
https://kesher.saharoni.com/services/parenting,/services/parenting,service,"הדרכת הורים | מחוננים, ADHD והכנה לכיתה א | שירה סהרוני",להבין מה מקשה בבית ולבחור תגובה שעוזרת,הדרכת הורים מעשית,"גבולות ללא עונשים, התפרצויות זעם, ADHD, מחוננים, מעברים חינוכיים",שירות ליבה: הדרכת הורים,"הורים לפעוטות, ילדים ומתבגרים עם קשיי ויסות/סמכות","Commercial / Transactional (הדרכת הורים, הדרכת הורים ADHD)",קביעת פגישת הדרכה / WhatsApp,102,23,https://kesher.saharoni.com/services/parenting,INDEXABLE,עמוד שירות עוגן לתחום ההורות
https://kesher.saharoni.com/services/mediation,/services/mediation,service,גישור באשדוד ובאונליין | מגשרת מוסמכת | שירה סהרוני,להפוך שיחה תקועה להסכמות שאפשר לקיים,"גישור זוגי, משפחתי ובין-אישי","הסכמות פרידה/גירושין, שלום בית, סכסוכי ירושה, סכסוכי שכנים/שותפים",שירות ליבה: גישור,צדדים בסכסוך המעוניינים בהסכם הוגן מחוץ לבית משפט,"Commercial / Transactional (גישור זוגי, גישור פרידה באשדוד)",פנייה לגישור / בדיקת התאמה,102,23,https://kesher.saharoni.com/services/mediation,INDEXABLE,"מתבסס על הסמכה רשמית ורקע משפטי כעו""ד"
https://kesher.saharoni.com/services/gifted-parenting,/services/gifted-parenting,service,הנחיית הורים לילדים מחוננים | שירה סהרוני,הנחיית הורים לילדים מחוננים,הורות לילדים מחוננים ומצטיינים,"רגישות יתר, אסינכרוניות התפתחותית, תפקודים ניהוליים, בדידות חברתית, כניסה למסגרת מחוננים",שירות נישה: הדרכת הורים ייעודית למחוננים,הורים לילדים מחוננים או בתהליכי איתור/קבלה,Commercial / Informational (הדרכת הורים לילדים מחוננים),תיאום פגישת ייעוץ,102,23,https://kesher.saharoni.com/services/gifted-parenting,INDEXABLE,התמחות ייחודית בעלת בידול שוק גבוה
https://kesher.saharoni.com/services/aliyah-families,/services/aliyah-families,service,ייעוץ למשפחות עולים ותושבים חוזרים | שירה סהרוני,ייעוץ זוגי והנחיית הורים למשפחות עולים ותושבים חוזרים,ליווי משפחות בתהליכי עלייה וקליטה,"פערי שפה ותרבות, הבדלי קצב הסתגלות בין בני זוג, חינוך ישראלי, ריחוק מרשת תמיכה",שירות נישה: משפחות עולים ותושבים חוזרים,"עולים חדשים, ותיקים ותושבים חוזרים לישראל","Commercial (ייעוץ משפחתי לעולים, קשיי קליטה במשפחה)",תיאום שיחת היכרות,102,23,https://kesher.saharoni.com/services/aliyah-families,INDEXABLE,התמחות ייעודית לקשיי הגירה והסתגלות משפחתית
https://kesher.saharoni.com/services/couples-aliyah-relocation,/services/couples-aliyah-relocation,service,ייעוץ זוגי לעולים ולזוגות ברילוקיישן | שירה סהרוני,ייעוץ זוגי לעולים ולזוגות ברילוקיישן,זוגיות במעברי מדינה ורילוקיישן,"איבוד קריירה של בן/בת זוג נלווה, תלות הדדית כפויה, בדידות, שחיקת הקשר ברילוקיישן",שירות נישה: ייעוץ זוגי לרילוקיישן ועלייה,"זוגות ישראלים ברילוקיישן בחו""ל או זוגות עולים/תושבים חוזרים","Commercial (ייעוץ זוגי ברילוקיישן, משבר זוגי ברילוקיישן)",תיאום פגישת זום / ייעוץ,103,23,https://kesher.saharoni.com/services/couples-aliyah-relocation,INDEXABLE,"שירות אונליין גלובלי בינלאומי לקהל ישראלי בחו""ל ובישראל"
https://kesher.saharoni.com/services/premarital-first-year,/services/premarital-first-year,service,הכנה לנישואים וליווי בשנה הראשונה | שירה סהרוני,הכנה לנישואים וליווי בשנה הראשונה,הכנה לנישואין וליווי השנה הראשונה,"מריבות סביב חתונה, כספים וחשבון משותף, משפחות מוצא וחמות, חלוקת תפקידים בבית, אינטימיות",שירות נישה: הדרכת טרום-נישואין וזוגות צעירים,מאורסים וזוגות בשנה הראשונה לנישואים,"Commercial / Informational (הכנה לנישואין, ייעוץ זוגי לפני חתונה, שנה ראשונה לנישואין)",קביעת פגישת הכנה זוגית,102,23,https://kesher.saharoni.com/services/premarital-first-year,INDEXABLE,שירות מניעתי בעל ערך גבוה לפני קיבוע דפוסים שליליים
https://kesher.saharoni.com/services/late-singleness,/services/late-singleness,service,ייעוץ במצבי רווקות מאוחרת | שירה סהרוני,ייעוץ במצבי רווקות מאוחרת,רווקות מאוחרת ושחיקה מדייטים,"עייפות מאפליקציות, לחץ חברתי ומשפחתי, בדידות, תחושת החמצה, דפוסי בחירה חוזרים",שירות נישה: ייעוץ פרטני לרווקים/ות,רווקים ורווקות בגילאי 30+ החווים שחיקה בתהליך מציאת קשר,"Commercial / Informational (רווקות מאוחרת, ייעוץ לרווקים, עייפות מדייטים)",תיאום שיחת בירור אישית,102,23,https://kesher.saharoni.com/services/late-singleness,INDEXABLE,ייעוץ אישי ממוקד אמפתיה והקלה על בדידות/לחץ
https://kesher.saharoni.com/services/finding-relationship,/services/finding-relationship,service,ליווי למציאת זוגיות | שירה סהרוני,ליווי למציאת זוגיות,מציאת זוגיות וניהול קשר בתחילתו,"פגישה ראשונה, התלהבות בתחילת קשר, קצב היכרות, תיאום ציפיות, סימני אזהרה",שירות נישה: ליווי היכרויות ודייטים,פנויים ופנויות בשלבי דייטים והיכרויות ראשוניות,"Commercial / Informational (ליווי למציאת זוגיות, קואוצ'ינג לזוגיות)",תיאום שיחת היכרות,102,23,https://kesher.saharoni.com/services/finding-relationship,INDEXABLE,מלווה את המעבר מדייטים לקשר מחייב
https://kesher.saharoni.com/couples-counseling-ashdod,/couples-counseling-ashdod,landing,ייעוץ זוגי באשדוד | שירה סהרוני,ייעוץ זוגי באשדוד – מרחב בטוח לשיחה,ייעוץ זוגי מקומי באשדוד והסביבה,"קליניקה באשדוד, פגישות פרונטליות, טיפול במשברים, תקשורת, נגישות מקומית",עמוד נחיתה מקומי ממוקד המרה: ייעוץ זוגי באשדוד,"זוגות מאשדוד, יבנה, גן יבנה, אשקלון והשפלה הדרומית","Local Commercial / High-Intent (ייעוץ זוגי אשדוד, יועצת זוגית באשדוד)",תיאום פגישה בקליניקה באשדוד,104,23,https://kesher.saharoni.com/couples-counseling-ashdod,INDEXABLE,דף נחיתה מקומי עתיר ביצועים (CRO/PPC/Local SEO)
https://kesher.saharoni.com/parenting-guidance-ashdod,/parenting-guidance-ashdod,landing,הדרכת הורים באשדוד | שירה סהרוני,הדרכת הורים באשדוד – כלים מעשיים ושקט בבית,הדרכת הורים מקומית באשדוד,"קליניקה באשדוד, גבולות, סמכות הורית, התפרצויות זעם, שגרה ושינה",עמוד נחיתה מקומי ממוקד המרה: הדרכת הורים באשדוד,הורים מאשדוד והסביבה המעוניינים בהדרכה פרונטלית,"Local Commercial / High-Intent (הדרכת הורים אשדוד, מנחת הורים באשדוד)",תיאום פגישה באשדוד / WhatsApp,105,23,https://kesher.saharoni.com/parenting-guidance-ashdod,INDEXABLE,דף נחיתה מקומי ממוקד המרה להורים
https://kesher.saharoni.com/couples-mediation-ashdod,/couples-mediation-ashdod,landing,גישור זוגי באשדוד | שירה סהרוני - מגשרת מוסמכת,גישור זוגי באשדוד – בניית הסכמות ושיח מכבד,גישור זוגי מקומי באשדוד,"גישור פרידה, הסכמי שלום בית, הסכמי גירושין בהסכמה, גישור משפחתי",עמוד נחיתה מקומי ממוקד המרה: גישור זוגי באשדוד,זוגות ומשפחות מאשדוד והדרום בסכסוך,"Local Commercial / High-Intent (גישור זוגי אשדוד, מגשרת באשדוד)",תיאום פגישת גישור באשדוד,104,23,https://kesher.saharoni.com/couples-mediation-ashdod,INDEXABLE,דף נחיתה מקומי ממוקד המרה לגישור
https://kesher.saharoni.com/services/couples/crisis,/services/couples/crisis,landing,ייעוץ זוגי במשבר | שירה סהרוני – עצירת הסלמה וחידוש התקשורת,זוגיות במשבר? אפשר להתחיל משיחה אחת רגועה,ייעוץ זוגי במצבי משבר חריף,"עצירת הסלמה, פיצוצים ומריבות תכופות, שתיקות ממושכות, שבר באמון, עזרה ראשונה לזוגיות",דף נחיתה ייעודי למצב משבר: ייעוץ זוגי,זוגות החווים משבר אקוטי ודחיפות לשינוי מיידי,"High Commercial / Urgent (משבר בזוגיות, טיפול במשבר זוגי, עזרה דחופה לזוגיות)",תיאום שיחת בירור דחופה,0,24,https://kesher.saharoni.com/services/couples/crisis,INDEXABLE,דף ממוקד תרחיש משבר חריף
https://kesher.saharoni.com/services/couples/before-separation,/services/couples/before-separation,landing,בירור זוגי לפני החלטות כבדות | שירה סהרוני – ייעוץ זוגי,לפני שמקבלים החלטה כבדה – בירור זוגי רגוע,בירור זוגי לפני פרידה או גירושין (Discernment Counseling),"האם לפרק או לשקם, החלטות כבדות, פרידה בהסכמה, מניעת מאבקים משפטיים",דף נחיתה ייעודי לפני פרידה: ייעוץ זוגי וגישור,זוגות המתלבטים האם להיפרד או לנסות לתקן,"High Commercial / High Consideration (לפני פרידה, מתלבטים אם להתגרש, בירור זוגי)",תיאום שיחת בירור שקטה,0,24,https://kesher.saharoni.com/services/couples/before-separation,INDEXABLE,מענה מיוחד לזוגות על סף פירוק
https://kesher.saharoni.com/blog,/blog,blog_index,מאמרים וקריאה מעשירה | שירה סהרוני — ייעוץ זוגי והדרכת הורים,מאמרים וקריאה מעשירה,אינדקס מאמרים ומדריכים מקצועיים,"זוגיות, הדרכת הורים, מחוננים, ADHD, דייטים, רילוקיישן",שער תוכן אינפורמטיבי,"גולשים המחפשים ידע, כלים ומענה לשאלות ספציפיות",Informational (מאמרי זוגיות והורות),עיון במאמרים / חיפוש,102,99,https://kesher.saharoni.com/blog,INDEXABLE,מרכז התוכן האורגני של האתר
https://kesher.saharoni.com/faq,/faq,faq,שאלות נפוצות | ייעוץ זוגי והנחיית הורים | שירה סהרוני,שאלות נפוצות,שאלות ותשובות נפוצות על תהליכי ייעוץ וגישור,"משך תהליך, עלות, פגישות בזום מול קליניקה, סירוב בן זוג להגיע, דיסקרטיות",הסרת חסמי המרה ותשובות לכלל השירותים,מתעניינים המתלבטים לפני יצירת קשר,"Informational / Commercial Investigation (כמה עולה ייעוץ זוגי, איך עובד ייעוץ זוגי)",פנייה ישירה לשאלה אישית,102,23,https://kesher.saharoni.com/faq,INDEXABLE,כולל סכמת FAQPage ומקבל חשיפות אורגניות יציבות ב-GSC
https://kesher.saharoni.com/lectures,/lectures,service,הרצאות וסדנאות | שירה סהרוני,הרצאות וסדנאות,"הרצאות וסדנאות לארגונים, קהילות וצוותי חינוך","סדנאות להורים עובדים, הרצאות זוגיות והורות, ארגונים וועדי עובדים, בתי ספר",שירות B2B / קהילתי: הרצאות וסדנאות,"מנהלי משאבי אנוש, רכזי קהילה, מנהלי בתי ספר, הורים","Commercial B2B (הרצאות להורים בארגונים, סדנאות זוגיות לעובדים)",הזמנת הרצאה / שיחת תיאום,102,23,https://kesher.saharoni.com/lectures,INDEXABLE,ערוץ שירות מוסדי/עסקי
https://kesher.saharoni.com/contact,/contact,contact,צור קשר | שירה סהרוני,צרו קשר,פרטי התקשרות וטופס פנייה,"טלפון, וואטסאפ, אימייל, מיקום קליניקה באשדוד, זמני פעילות",עמוד המרה כללי לכל השירותים,גולשים המעוניינים ליצור קשר ישיר לבירור או תיאום,"Navigational / Transactional (שירה סהרוני טלפון, צור קשר קשר סהרוני)",שליחת טופס פנייה / שיחת WhatsApp,102,23,https://kesher.saharoni.com/contact,INDEXABLE,עמוד יצירת קשר עם טופס מקוון
https://kesher.saharoni.com/appointment,/appointment,booking,קביעת פגישת ייעוץ עם שירה סהרוני,קביעת פגישת ייעוץ עם שירה,תיאום פגישה ויומן תורים,"תיאום שיחת היכרות, יומן Calendly, הנחיות לקראת שיחה",עמוד הזמנת פגישה ישיר (BOFU),לקוחות בשלים להזמנת פגישה ראשונה,Transactional (קביעת תור שירה סהרוני),בחירת מועד ביומן,102,23,https://kesher.saharoni.com/appointment,INDEXABLE,עמוד המרה ייעודי עם ממשק הזמנה
https://kesher.saharoni.com/now,/now,utility,מה מעסיק אותי עכשיו (Now Page) | שירה סהרוני,מה מעסיק אותי עכשיו,עמוד Now (תנועת Derek Sivers Now Page),"פרויקטים נוכחיים, קריאה וכתיבה, מוקדי עשייה",שקיפות וחיבור אישי עם הקהל,עוקבים וקוראים קבועים,Navigational,קריאת תוכן,102,23,https://kesher.saharoni.com/now,INDEXABLE,עמוד סטטוס אישי ומקצועי עדכני
https://kesher.saharoni.com/friends,/friends,utility,Friends & Sites I Like (/friends) | שירה סהרוני,Friends & Sites I Like (/friends),דף שותפים וקישורים מקצועיים מומלצים,"עמיתים, בלוגים מומלצים, רשת אתרים",רשת מקצועית (Webring / Recommended Links),"עמיתים, עוקבים וגולשים",Navigational,גלישה לאתרים מומלצים,102,23,https://kesher.saharoni.com/friends,INDEXABLE,עמוד קישורים לרשת עמיתים ואתרים שותפים
https://kesher.saharoni.com/links,/links,utility,קישורים ומקורות מקצועיים | שירה סהרוני,קישורים ומקורות מקצועיים,קישורים ומקורות מקצועיים,"מקורות ידע, שותפים",רשת מקצועית,עמיתים וגולשים,Navigational,קריאה,0,24,https://kesher.saharoni.com/friends,INDEXABLE,מציג את תוכן FriendsPage / שותפים
https://kesher.saharoni.com/accessibility,/accessibility,legal,הצהרת נגישות | שירה סהרוני,הצהרת נגישות,הצהרת נגישות תקן ישראלי 5568,"התאמות נגישות באתר, רכזת נגישות, פירוט בדיקות",ציות חוקי ואחריות חברתית,אנשים עם מוגבלות וציבור הגולשים,Navigational / Legal,פנייה בנושאי נגישות,102,23,https://kesher.saharoni.com/accessibility,INDEXABLE,עמוד משפטי מחייב
https://kesher.saharoni.com/privacy,/privacy,legal,מדיניות פרטיות | שירה סהרוני,מדיניות פרטיות,"מדיניות פרטיות, עוגיות ואבטחת מידע","איסוף מידע, עוגיות, שימוש במידע, ציות לתיקון 13",ציות חוקי ושקיפות,כלל הגולשים והלקוחות,Legal,מידע משפטי,102,23,https://kesher.saharoni.com/privacy,INDEXABLE,עמוד משפטי מחייב
https://kesher.saharoni.com/terms,/terms,legal,תנאי שימוש | שירה סהרוני,תנאי שימוש,תנאי שימוש והגבלת אחריות,"זכויות יוצרים, תנאי שימוש באתר, הגבלת אחריות מקצועית",ציות חוקי והגנה משפטית,כלל הגולשים,Legal,מידע משפטי,102,23,https://kesher.saharoni.com/terms,INDEXABLE,עמוד משפטי מחייב
https://kesher.saharoni.com/thank-you-booked,/thank-you-booked,utility,הפגישה נקבעה | שירה סהרוני,הפגישה נקבעה,אישור קביעת פגישה,"הנחיות לפגישה, מועד, הכנה",עמוד תודה/אישור לאחר המרה,פונים שסיימו תיאום פגישה ביומן,Navigational,חזרה לאתר / WhatsApp,0,0,https://kesher.saharoni.com/thank-you-booked,NOINDEX,חסום מאינדוקס (noindex)
https://kesher.saharoni.com/thank-you-contact,/thank-you-contact,utility,הפנייה התקבלה | שירה סהרוני,הפנייה התקבלה,אישור קבלת פנייה בטופס,"הודעת אישור, זמני מענה",עמוד תודה/אישור לאחר פנייה,פונים ששלחו טופס יצירת קשר,Navigational,חזרה לאתר,0,0,https://kesher.saharoni.com/thank-you-contact,NOINDEX,חסום מאינדוקס (noindex)
https://kesher.saharoni.com/blog/early-habits-building-calm-mornings-children,/blog/early-habits-building-calm-mornings-children,blog_post,הכנה לכיתה א: איך בונים שגרת בוקר שעובדת?,הכנה לכיתה א: איך בונים שגרת בוקר שעובדת?,הכנה לכיתה א: איך בונים שגרת בוקר שעובדת?,"המעבר מהגן לבית הספר מלווה בלא מעט התרגשות, אבל גם בחששות לגבי ההתארגנות בבוקר. איך אפשר לנצל את חוד...",כללי,קהל רחב / הורים / זוגות בהתאם לנושא,Informational (חיפוש תשובה / הדרכה / כלים),פנייה לייעוץ / WhatsApp,1,24,https://kesher.saharoni.com/blog/early-habits-building-calm-mornings-children,INDEXABLE,"קטגוריה: הנחיית הורים. מילים: 791, כותרות h3: 5."
https://kesher.saharoni.com/blog/returning-to-israel-after-relocation-relationship,/blog/returning-to-israel-after-relocation-relationship,blog_post,חזרה לארץ אחרי רילוקיישן: כשהבית משתנה והזוגיות מחפשת עוגן,חזרה לארץ אחרי רילוקיישן: כשהבית משתנה והזוגיות מחפשת עוגן,חזרה לארץ אחרי רילוקיישן: כשהבית משתנה והזוגיות מחפשת עוגן,"חזרה לארץ אחרי רילוקיישן נתפסת לעיתים קרובות כחזרה למקום מוכר ובטוח, אך במציאות היא דורשת הסתגלות זו...",כללי,קהל רחב / הורים / זוגות בהתאם לנושא,Informational (חיפוש תשובה / הדרכה / כלים),פנייה לייעוץ / WhatsApp,1,24,https://kesher.saharoni.com/blog/returning-to-israel-after-relocation-relationship,INDEXABLE,"קטגוריה: זוגיות. מילים: 1117, כותרות h3: 5."
https://kesher.saharoni.com/blog/מוכנות-לכיתה-א-עצמאות-ושגרה,/blog/מוכנות-לכיתה-א-עצמאות-ושגרה,blog_post,מוכנות לכיתה א: איך בונים עצמאות ושגרה לפני הצלצול הראשון,מוכנות לכיתה א: איך בונים עצמאות ושגרה לפני הצלצול הראשון,מוכנות לכיתה א: איך בונים עצמאות ושגרה לפני הצלצול הראשון,"המעבר לכיתה א מלווה בהתרגשות לצד חששות של הורים רבים. מהם הכלים החשובים לבניית מוכנות רגשית, איך מפת...",כללי,קהל רחב / הורים / זוגות בהתאם לנושא,Informational (חיפוש תשובה / הדרכה / כלים),פנייה לייעוץ / WhatsApp,0,0,https://kesher.saharoni.com/blog/מוכנות-לכיתה-א-עצמאות-ושגרה,NOT_INDEXED (DRAFT_BELOW_QUALITY_GATE),"קטגוריה: הדרכת הורים. מילים: 872, כותרות h3: 4. מתחת לסף אינדוקס ומפת אתר (דורש הרחבה או מיזוג בעתיד)."
https://kesher.saharoni.com/blog/school-entry-readiness-emotional-regulation-skills,/blog/school-entry-readiness-emotional-regulation-skills,blog_post,הכנה רגשית לכיתה א: בניית תפקודים ניהוליים לקראת המעבר לבית הספר,הכנה רגשית לכיתה א: בניית תפקודים ניהוליים לקראת המעבר לבית הספר,הכנה רגשית לכיתה א: בניית תפקודים ניהוליים לקראת המעבר לבית הספר,"הכנה רגשית לכיתה א היא הרבה מעבר להכרת האותיות והמספרים. כאשר אנו משלבים בניית תפקודים ניהוליים, שגר...",כללי,קהל רחב / הורים / זוגות בהתאם לנושא,Informational (חיפוש תשובה / הדרכה / כלים),פנייה לייעוץ / WhatsApp,1,24,https://kesher.saharoni.com/blog/school-entry-readiness-emotional-regulation-skills,INDEXABLE,"קטגוריה: הדרכת הורים. מילים: 838, כותרות h3: 6."
https://kesher.saharoni.com/blog/gifted-children-social-difficulties,/blog/gifted-children-social-difficulties,blog_post,ילדים מחוננים וקשיים חברתיים: להבין את הפער בין השכל לרגש,ילדים מחוננים וקשיים חברתיים: להבין את הפער בין השכל לרגש,ילדים מחוננים וקשיים חברתיים: להבין את הפער בין השכל לרגש,ילדים מחוננים וקשיים חברתיים אינם הולכים תמיד יחד. כך מזהים את הקושי המסוים של הילד ועוזרים לו לבנות...,כללי,קהל רחב / הורים / זוגות בהתאם לנושא,Informational (חיפוש תשובה / הדרכה / כלים),פנייה לייעוץ / WhatsApp,1,24,https://kesher.saharoni.com/blog/gifted-children-social-difficulties,INDEXABLE,"קטגוריה: הנחיית הורים. מילים: 532, כותרות h3: 5."
https://kesher.saharoni.com/blog/older-singles-friendship-changes-loneliness,/blog/older-singles-friendship-changes-loneliness,blog_post,רווקות מאוחרת והחברים הנשואים: איך מתמודדים עם תחושת הבדידות החברתית,רווקות מאוחרת והחברים הנשואים: איך מתמודדים עם תחושת הבדידות החברתית,רווקות מאוחרת והחברים הנשואים: איך מתמודדים עם תחושת הבדידות החברתית,אחד האתגרים המורכבים ברווקות מאוחרת הוא השתנות המעגלים החברתיים. כשחברים קרובים מתחתנים ומקימים משפח...,כללי,קהל רחב / הורים / זוגות בהתאם לנושא,Informational (חיפוש תשובה / הדרכה / כלים),פנייה לייעוץ / WhatsApp,1,24,https://kesher.saharoni.com/blog/older-singles-friendship-changes-loneliness,INDEXABLE,"קטגוריה: זוגיות. מילים: 794, כותרות h3: 5."
https://kesher.saharoni.com/blog/first-year-boundaries-origin-families,/blog/first-year-boundaries-origin-families,blog_post,הכנה לנישואים: איך מעצבים מחדש את הקשר עם משפחות המוצא בשנה הראשונה,הכנה לנישואים: איך מעצבים מחדש את הקשר עם משפחות המוצא בשנה הראשונה,הכנה לנישואים: איך מעצבים מחדש את הקשר עם משפחות המוצא בשנה הראשונה,המעבר מזוג ל״משפחה גרעינית״ דורש כיוונון מחדש של הגבולות מול ההורים משני הצדדים. איך מקבלים החלטות ע...,כללי,קהל רחב / הורים / זוגות בהתאם לנושא,Informational (חיפוש תשובה / הדרכה / כלים),ייעוץ זוגי באשדוד,1,24,https://kesher.saharoni.com/blog/first-year-boundaries-origin-families,INDEXABLE,"קטגוריה: זוגיות. מילים: 761, כותרות h3: 5."
https://kesher.saharoni.com/blog/navigating-new-relationships-dating-balance,/blog/navigating-new-relationships-dating-balance,blog_post,"היכרות חדשה: דיוק צרכים, תקשורת וקצב בשלבים הראשונים","היכרות חדשה: דיוק צרכים, תקשורת וקצב בשלבים הראשונים","היכרות חדשה: דיוק צרכים, תקשורת וקצב בשלבים הראשונים",המעבר מאפליקציות היכרויות לפגישות בעולם האמיתי דורש ניהול אנרגיה ותיאום ציפיות. כיצד ניתן לנווט את ה...,כללי,קהל רחב / הורים / זוגות בהתאם לנושא,Informational (חיפוש תשובה / הדרכה / כלים),ייעוץ זוגי באשדוד,1,24,https://kesher.saharoni.com/blog/navigating-new-relationships-dating-balance,INDEXABLE,"קטגוריה: זוגיות. מילים: 912, כותרות h3: 6."
https://kesher.saharoni.com/blog/unattached-adults-missed-chances-regrets,/blog/unattached-adults-missed-chances-regrets,blog_post,התמודדות עם תחושת החמצה ברווקות מאוחרת,התמודדות עם תחושת החמצה ברווקות מאוחרת,התמודדות עם תחושת החמצה ברווקות מאוחרת,"תחושת החמצה עלולה להופיע סביב החלטות עבר, קשרים שהסתיימו או השוואה לאחרים. כיצד אפשר לזהות מתי ההשוו...",כללי,קהל רחב / הורים / זוגות בהתאם לנושא,Informational (חיפוש תשובה / הדרכה / כלים),פנייה לייעוץ / WhatsApp,1,24,https://kesher.saharoni.com/blog/unattached-adults-missed-chances-regrets,INDEXABLE,"קטגוריה: זוגיות. מילים: 929, כותרות h3: 6."
https://kesher.saharoni.com/blog/newlyweds-domestic-duties-sharing,/blog/newlyweds-domestic-duties-sharing,blog_post,חלוקת תפקידים ומטלות הבית בזוגיות: איך להגיע להסכמות הוגנות בלי מריבות מתישות,חלוקת תפקידים ומטלות הבית בזוגיות: איך להגיע להסכמות הוגנות בלי מריבות מתישות,חלוקת תפקידים ומטלות הבית בזוגיות: איך להגיע להסכמות הוגנות בלי מריבות מתישות,"מי מוריד את הפח, מי שוטף כלים ולמה אחד מרגיש שהוא סוחב את כל הבית לבד? איך מדברים על עומס מטלות הבית...",גישור זוגי באשדוד ובאונליין (/couples-mediation-ashdod),קהל רחב / הורים / זוגות בהתאם לנושא,Informational (חיפוש תשובה / הדרכה / כלים),ייעוץ זוגי באשדוד,1,24,https://kesher.saharoni.com/blog/newlyweds-domestic-duties-sharing,INDEXABLE,"קטגוריה: זוגיות. מילים: 1109, כותרות h3: 5."
https://kesher.saharoni.com/blog/parenting-back-to-school-screen-limits,/blog/parenting-back-to-school-screen-limits,blog_post,חזרה לשגרת מסכים בריאה לקראת שנת הלימודים: גבולות ברוגע בלי מלחמות,חזרה לשגרת מסכים בריאה לקראת שנת הלימודים: גבולות ברוגע בלי מלחמות,חזרה לשגרת מסכים בריאה לקראת שנת הלימודים: גבולות ברוגע בלי מלחמות,סוף החופש הגדול מביא איתו אתגר מוכר: שעות מסך מרובות והרגלי שינה משובשים. גלו איך להחזיר את הגבולות ...,כללי,קהל רחב / הורים / זוגות בהתאם לנושא,Informational (חיפוש תשובה / הדרכה / כלים),פנייה לייעוץ / WhatsApp,1,24,https://kesher.saharoni.com/blog/parenting-back-to-school-screen-limits,INDEXABLE,"קטגוריה: הדרכת הורים. מילים: 560, כותרות h3: 5."
https://kesher.saharoni.com/blog/aliyah-homesickness-balance,/blog/aliyah-homesickness-balance,blog_post,זוגיות בעלייה ורילוקיישן: כשהגעגוע לארץ מפר את האיזון,זוגיות בעלייה ורילוקיישן: כשהגעגוע לארץ מפר את האיזון,זוגיות בעלייה ורילוקיישן: כשהגעגוע לארץ מפר את האיזון,"רילוקיישן או עלייה לישראל הם צעדים משמעותיים. לעיתים אחד מבני הזוג מתאקלם מהר, בעוד השני חווה געגועי...",כללי,קהל רחב / הורים / זוגות בהתאם לנושא,Informational (חיפוש תשובה / הדרכה / כלים),ייעוץ זוגי באשדוד,1,24,https://kesher.saharoni.com/blog/aliyah-homesickness-balance,INDEXABLE,"קטגוריה: זוגיות. מילים: 1088, כותרות h3: 5."
https://kesher.saharoni.com/blog/smart-youth-focus-tasks-organization,/blog/smart-youth-focus-tasks-organization,blog_post,הילד נבון מאוד אבל מתקשה להתארגן: מה קורה כשהמחוננות פוגשת קשיי קשב,הילד נבון מאוד אבל מתקשה להתארגן: מה קורה כשהמחוננות פוגשת קשיי קשב,הילד נבון מאוד אבל מתקשה להתארגן: מה קורה כשהמחוננות פוגשת קשיי קשב,שילוב של יכולות קוגניטיביות גבוהות לצד קשיי התארגנות וקשב עשוי לייצר פערים מתסכלים. איך אפשר לעזור ל...,כללי,קהל רחב / הורים / זוגות בהתאם לנושא,Informational (חיפוש תשובה / הדרכה / כלים),הדרכת הורים באשדוד,1,24,https://kesher.saharoni.com/blog/smart-youth-focus-tasks-organization,INDEXABLE,"קטגוריה: הדרכת הורים. מילים: 1060, כותרות h3: 5."
https://kesher.saharoni.com/blog/singlehood-holiday-meals-inquiries,/blog/singlehood-holiday-meals-inquiries,blog_post,איך להתמודד עם שאלות על רווקות בארוחות משפחתיות,איך להתמודד עם שאלות על רווקות בארוחות משפחתיות,איך להתמודד עם שאלות על רווקות בארוחות משפחתיות,מפגשים משפחתיים יכולים להפוך למוקד של אי-נוחות עבור מי שנמצאים בשלב של רווקות מאוחרת. כמה מחשבות על ...,כללי,קהל רחב / הורים / זוגות בהתאם לנושא,Informational (חיפוש תשובה / הדרכה / כלים),פנייה לייעוץ / WhatsApp,1,24,https://kesher.saharoni.com/blog/singlehood-holiday-meals-inquiries,INDEXABLE,"קטגוריה: זוגיות. מילים: 810, כותרות h3: 6."
https://kesher.saharoni.com/blog/aliyah-couples-cultural-gaps-identity,/blog/aliyah-couples-cultural-gaps-identity,blog_post,מדברים בשתי שפות: כיצד להתמודד עם פערי תרבות ושפה בזוגיות בעלייה,מדברים בשתי שפות: כיצד להתמודד עם פערי תרבות ושפה בזוגיות בעלייה,מדברים בשתי שפות: כיצד להתמודד עם פערי תרבות ושפה בזוגיות בעלייה,המעבר למדינה חדשה מביא איתו אתגרי שפה ותרבות שעשויים להציף מתחים בזוגיות. מה קורה כשבן זוג אחד משתלב...,כללי,קהל רחב / הורים / זוגות בהתאם לנושא,Informational (חיפוש תשובה / הדרכה / כלים),ייעוץ זוגי באשדוד,1,24,https://kesher.saharoni.com/blog/aliyah-couples-cultural-gaps-identity,INDEXABLE,"קטגוריה: זוגיות. מילים: 711, כותרות h3: 5."
https://kesher.saharoni.com/blog/new-relationship-initial-intentions,/blog/new-relationship-initial-intentions,blog_post,תקשורת בתחילת היכרות: מתי ואיך נכון לדבר על מה שמחפשים,תקשורת בתחילת היכרות: מתי ואיך נכון לדבר על מה שמחפשים,תקשורת בתחילת היכרות: מתי ואיך נכון לדבר על מה שמחפשים,"דייט שלישי, השיחה זורמת, אבל השאלה באוויר: לאן זה הולך? איך מתאמים ציפיות בתחילת קשר בלי להלחיץ או ל...",כללי,קהל רחב / הורים / זוגות בהתאם לנושא,Informational (חיפוש תשובה / הדרכה / כלים),פנייה לייעוץ / WhatsApp,1,24,https://kesher.saharoni.com/blog/new-relationship-initial-intentions,INDEXABLE,"קטגוריה: זוגיות. מילים: 1020, כותרות h3: 5."
https://kesher.saharoni.com/blog/dating-emotional-needs-vs-checklists,/blog/dating-emotional-needs-vs-checklists,blog_post,"עוד דייט, אותו תסריט: למה רשימות המכולת שלנו משאירות אותנו לבד","עוד דייט, אותו תסריט: למה רשימות המכולת שלנו משאירות אותנו לבד","עוד דייט, אותו תסריט: למה רשימות המכולת שלנו משאירות אותנו לבד","אנחנו מחפשים פרופילים שמסמנים וי על כל הדרישות, אבל מגלים פעם אחר פעם שהחיבור האמיתי חסר. איך מפסיקי...",כללי,קהל רחב / הורים / זוגות בהתאם לנושא,Informational (חיפוש תשובה / הדרכה / כלים),פנייה לייעוץ / WhatsApp,1,24,https://kesher.saharoni.com/blog/dating-emotional-needs-vs-checklists,INDEXABLE,"קטגוריה: זוגיות. מילים: 842, כותרות h3: 5."
https://kesher.saharoni.com/blog/marriage-prep-financial-expectations-2026-08-24,/blog/marriage-prep-financial-expectations-2026-08-24,blog_post,איך מדברים על כסף לפני החתונה ובשנה הראשונה לנישואים,איך מדברים על כסף לפני החתונה ובשנה הראשונה לנישואים,איך מדברים על כסף לפני החתונה ובשנה הראשונה לנישואים,תיאום ציפיות כלכלי ובניית תקציב משותף הם שלבים משמעותיים בהכנה לחיים משותפים. כיצד מתחילים את השיחה ...,כללי,קהל רחב / הורים / זוגות בהתאם לנושא,Informational (חיפוש תשובה / הדרכה / כלים),ייעוץ זוגי באשדוד,1,24,https://kesher.saharoni.com/blog/marriage-prep-financial-expectations-2026-08-24,INDEXABLE,"קטגוריה: זוגיות. מילים: 988, כותרות h3: 5."
https://kesher.saharoni.com/blog/couples-communication-distractions-presence,/blog/couples-communication-distractions-presence,blog_post,לדבר אל הקיר: איך טלפונים והסחות דעת מכרסמים בזוגיות,לדבר אל הקיר: איך טלפונים והסחות דעת מכרסמים בזוגיות,לדבר אל הקיר: איך טלפונים והסחות דעת מכרסמים בזוגיות,"כשאחד מבני הזוג מנסה לשתף והשני מוסח על ידי מסכים או רעשי רקע, התחושה שנוצרת היא של בדידות באותו חדר...",כללי,קהל רחב / הורים / זוגות בהתאם לנושא,Informational (חיפוש תשובה / הדרכה / כלים),ייעוץ זוגי באשדוד,1,24,https://kesher.saharoni.com/blog/couples-communication-distractions-presence,INDEXABLE,"קטגוריה: זוגיות. מילים: 787, כותרות h3: 5."
https://kesher.saharoni.com/blog/relocation-language-barrier-isolation,/blog/relocation-language-barrier-isolation,blog_post,"שפה שנייה, שתיקה ראשונה: איך קשיי שפה ברילוקיישן משפיעים על הזוגיות?","שפה שנייה, שתיקה ראשונה: איך קשיי שפה ברילוקיישן משפיעים על הזוגיות?","שפה שנייה, שתיקה ראשונה: איך קשיי שפה ברילוקיישן משפיעים על הזוגיות?","רילוקיישן מבטיח עתיד חדש, אבל מה קורה כשבן זוג אחד לא מצליח לתקשר בשפה המקומית? איך הבדלי שליטה בשפה...",כללי,קהל רחב / הורים / זוגות בהתאם לנושא,Informational (חיפוש תשובה / הדרכה / כלים),ייעוץ זוגי באשדוד,1,24,https://kesher.saharoni.com/blog/relocation-language-barrier-isolation,INDEXABLE,"קטגוריה: זוגיות. מילים: 962, כותרות h3: 5."
https://kesher.saharoni.com/blog/gifted-children-framework-preparation,/blog/gifted-children-framework-preparation,blog_post,הוא מחונן אבל מסרב להיכנס לשער: למה המעבר למסגרת חדשה כל כך מציף?,הוא מחונן אבל מסרב להיכנס לשער: למה המעבר למסגרת חדשה כל כך מציף?,הוא מחונן אבל מסרב להיכנס לשער: למה המעבר למסגרת חדשה כל כך מציף?,"אתם מתכוננים שבועות ליום השליפה או למעבר לכיתת המחוננים, בטוחים שהוא יפרח שם, אבל בבוקר הראשון הוא מ...",כללי,קהל רחב / הורים / זוגות בהתאם לנושא,Informational (חיפוש תשובה / הדרכה / כלים),פנייה לייעוץ / WhatsApp,1,24,https://kesher.saharoni.com/blog/gifted-children-framework-preparation,INDEXABLE,"קטגוריה: הדרכת הורים. מילים: 785, כותרות h3: 5."
https://kesher.saharoni.com/blog/dating-transition-to-relationship-boundaries,/blog/dating-transition-to-relationship-boundaries,blog_post,המעבר מהיכרות לקשר: איך מנהלים את קצב ההתקרבות?,המעבר מהיכרות לקשר: איך מנהלים את קצב ההתקרבות?,המעבר מהיכרות לקשר: איך מנהלים את קצב ההתקרבות?,המעבר מדייטים ראשונים למערכת יחסים מחייבת מלווה לעיתים קרובות בחוסר ודאות. מתי נכון לדבר על כוונות? ...,כללי,קהל רחב / הורים / זוגות בהתאם לנושא,Informational (חיפוש תשובה / הדרכה / כלים),פנייה לייעוץ / WhatsApp,1,24,https://kesher.saharoni.com/blog/dating-transition-to-relationship-boundaries,INDEXABLE,"קטגוריה: זוגיות. מילים: 858, כותרות h3: 5."
https://kesher.saharoni.com/blog/first-grade-preparation-morning-routine,/blog/first-grade-preparation-morning-routine,blog_post,הילקוט מוכן אבל הילד עוד בפיג'מה: התארגנות עצמאית לקראת כיתה אלף,הילקוט מוכן אבל הילד עוד בפיג'מה: התארגנות עצמאית לקראת כיתה אלף,הילקוט מוכן אבל הילד עוד בפיג'מה: התארגנות עצמאית לקראת כיתה אלף,"קניתם קלמר ומחברות עטופות, אבל המחשבה על התארגנות הבוקר מעוררת בכם חשש? בניית תפקודים ניהוליים יכולה...",כללי,קהל רחב / הורים / זוגות בהתאם לנושא,Informational (חיפוש תשובה / הדרכה / כלים),הדרכת הורים באשדוד,1,24,https://kesher.saharoni.com/blog/first-grade-preparation-morning-routine,INDEXABLE,"קטגוריה: הדרכת הורים. מילים: 1076, כותרות h3: 5."
https://kesher.saharoni.com/blog/gifted-children-perfectionism-tears,/blog/gifted-children-perfectionism-tears,blog_post,העיפרון החליק והדף נקרע: התמודדות עם פרפקציוניזם אצל ילדים מחוננים,העיפרון החליק והדף נקרע: התמודדות עם פרפקציוניזם אצל ילדים מחוננים,העיפרון החליק והדף נקרע: התמודדות עם פרפקציוניזם אצל ילדים מחוננים,"הוא יושב לצייר, קו אחד יוצא מעט עקום, ומיד הדף נקרע בזעם. ציון 95 במבחן מתקבל בבכי במקום בשמחה. איך ...",כללי,קהל רחב / הורים / זוגות בהתאם לנושא,Informational (חיפוש תשובה / הדרכה / כלים),פנייה לייעוץ / WhatsApp,1,24,https://kesher.saharoni.com/blog/gifted-children-perfectionism-tears,INDEXABLE,"קטגוריה: הדרכת הורים. מילים: 800, כותרות h3: 6."
https://kesher.saharoni.com/blog/gifted-adhd-executive-functions-struggle,/blog/gifted-adhd-executive-functions-struggle,blog_post,הוא מחונן אבל שוכח את התיק: כשפוטנציאל גבוה פוגש קושי בתפקודים ניהוליים,הוא מחונן אבל שוכח את התיק: כשפוטנציאל גבוה פוגש קושי בתפקודים ניהוליים,הוא מחונן אבל שוכח את התיק: כשפוטנציאל גבוה פוגש קושי בתפקודים ניהוליים,איך יכול להיות שילד שפותר תרגילי חשבון מסובכים לא מצליח לארגן לעצמו את מערכת השעות? השילוב של מחוננו...,כללי,קהל רחב / הורים / זוגות בהתאם לנושא,Informational (חיפוש תשובה / הדרכה / כלים),פנייה לייעוץ / WhatsApp,1,24,https://kesher.saharoni.com/blog/gifted-adhd-executive-functions-struggle,INDEXABLE,"קטגוריה: הנחיית הורים. מילים: 845, כותרות h3: 7."
https://kesher.saharoni.com/blog/relocation-relationship-adjustments-2026,/blog/relocation-relationship-adjustments-2026,blog_post,החלום על רילוקיישן מול המציאות הזוגית: איך מגשרים על פערי ההסתגלות?,החלום על רילוקיישן מול המציאות הזוגית: איך מגשרים על פערי ההסתגלות?,החלום על רילוקיישן מול המציאות הזוגית: איך מגשרים על פערי ההסתגלות?,"המעבר לארץ חדשה מביא איתו התרגשות רבה, אך גם מציף פערים משמעותיים בקצב ההסתגלות של בני הזוג. איך מתמ...",כללי,קהל רחב / הורים / זוגות בהתאם לנושא,Informational (חיפוש תשובה / הדרכה / כלים),ייעוץ זוגי באשדוד,1,24,https://kesher.saharoni.com/blog/relocation-relationship-adjustments-2026,INDEXABLE,"קטגוריה: זוגיות. מילים: 768, כותרות h3: 5."
https://kesher.saharoni.com/blog/dating-fatigue-resilience,/blog/dating-fatigue-resilience,blog_post,איך ממשיכים כשנגמר הכוח? התמודדות עם שחיקה בעולם ההיכרויות,איך ממשיכים כשנגמר הכוח? התמודדות עם שחיקה בעולם ההיכרויות,איך ממשיכים כשנגמר הכוח? התמודדות עם שחיקה בעולם ההיכרויות,"שוב אותן שאלות באפליקציה, שוב אותו דייט בינוני שמסתיים בלא כלום. השחיקה בעולם ההיכרויות היא תופעה מו...",כללי,קהל רחב / הורים / זוגות בהתאם לנושא,Informational (חיפוש תשובה / הדרכה / כלים),פנייה לייעוץ / WhatsApp,1,24,https://kesher.saharoni.com/blog/dating-fatigue-resilience,INDEXABLE,"קטגוריה: זוגיות. מילים: 737, כותרות h3: 5."
https://kesher.saharoni.com/blog/marriage-preparation-money-fights,/blog/marriage-preparation-money-fights,blog_post,הוא חסכן ואת פזרנית? למה אתם רבים על כל חשבון מים (ואיך להפסיק),הוא חסכן ואת פזרנית? למה אתם רבים על כל חשבון מים (ואיך להפסיק),הוא חסכן ואת פזרנית? למה אתם רבים על כל חשבון מים (ואיך להפסיק),"במעבר למגורים משותפים או לאחר החתונה, כסף הופך לאחד ממוקדי החיכוך המרכזיים. למה כל צד מתבצר בעמדה של...",כללי,קהל רחב / הורים / זוגות בהתאם לנושא,Informational (חיפוש תשובה / הדרכה / כלים),ייעוץ זוגי באשדוד,1,24,https://kesher.saharoni.com/blog/marriage-preparation-money-fights,INDEXABLE,"קטגוריה: זוגיות. מילים: 996, כותרות h3: 6."
https://kesher.saharoni.com/blog/gifted-children-first-days-adjustment,/blog/gifted-children-first-days-adjustment,blog_post,"התקבלנו למסגרת מחוננים, אז למה הילד כל כך חושש ללכת?","התקבלנו למסגרת מחוננים, אז למה הילד כל כך חושש ללכת?","התקבלנו למסגרת מחוננים, אז למה הילד כל כך חושש ללכת?","כשהמכתב ממשרד החינוך מגיע, ההורים לרוב גאים ומתרגשים, אבל עבור הילד המעבר למסגרת מחוננים יכול לעורר ...",כללי,קהל רחב / הורים / זוגות בהתאם לנושא,Informational (חיפוש תשובה / הדרכה / כלים),פנייה לייעוץ / WhatsApp,1,24,https://kesher.saharoni.com/blog/gifted-children-first-days-adjustment,INDEXABLE,"קטגוריה: הנחיית הורים. מילים: 992, כותרות h3: 7."
https://kesher.saharoni.com/blog/dating-exclusivity-conversation,/blog/dating-exclusivity-conversation,blog_post,מתי מוחקים את האפליקציות? על המעבר מהיכרות לקשר מחייב,מתי מוחקים את האפליקציות? על המעבר מהיכרות לקשר מחייב,מתי מוחקים את האפליקציות? על המעבר מהיכרות לקשר מחייב,"יצאתם כבר למספר דייטים מוצלחים, הכל מרגיש נכון, אבל התראות מאפליקציות ההיכרויות עדיין מופיעות. האם ז...",כללי,קהל רחב / הורים / זוגות בהתאם לנושא,Informational (חיפוש תשובה / הדרכה / כלים),פנייה לייעוץ / WhatsApp,1,24,https://kesher.saharoni.com/blog/dating-exclusivity-conversation,INDEXABLE,"קטגוריה: זוגיות. מילים: 970, כותרות h3: 6."
https://kesher.saharoni.com/blog/couples-communication-distance,/blog/couples-communication-distance,blog_post,איך לדבר כשהלב סגור: תקשורת זוגית בזמן ריחוק רגשי,איך לדבר כשהלב סגור: תקשורת זוגית בזמן ריחוק רגשי,איך לדבר כשהלב סגור: תקשורת זוגית בזמן ריחוק רגשי,מה קורה כשאנחנו חיים באותו בית אבל מרגישים רחוקים שנות אור? ריחוק רגשי יכול להיות חוויה בודדה מאוד. ...,כללי,קהל רחב / הורים / זוגות בהתאם לנושא,Informational (חיפוש תשובה / הדרכה / כלים),ייעוץ זוגי באשדוד,1,24,https://kesher.saharoni.com/blog/couples-communication-distance,INDEXABLE,"קטגוריה: זוגיות. מילים: 563, כותרות h3: 5."
https://kesher.saharoni.com/blog/single-hood-family-dinners-pressure,/blog/single-hood-family-dinners-pressure,blog_post,"""בקרוב אצלך"": איך לעבור את ארוחת שישי בלי להרגיש בפינת חקירות","""בקרוב אצלך"": איך לעבור את ארוחת שישי בלי להרגיש בפינת חקירות","""בקרוב אצלך"": איך לעבור את ארוחת שישי בלי להרגיש בפינת חקירות","ארוחות שישי וימי חג עם המשפחה המורחבת יכולים להיות עוגן של יציבות, אבל עבור רווקות ורווקים רבים, המפ...",כללי,קהל רחב / הורים / זוגות בהתאם לנושא,Informational (חיפוש תשובה / הדרכה / כלים),פנייה לייעוץ / WhatsApp,1,24,https://kesher.saharoni.com/blog/single-hood-family-dinners-pressure,INDEXABLE,"קטגוריה: זוגיות. מילים: 1015, כותרות h3: 6."
https://kesher.saharoni.com/blog/couples-communication-life-transitions,/blog/couples-communication-life-transitions,blog_post,איך שומרים על הזוגיות כשכל החיים משתנים? תקשורת בתקופות מעבר,איך שומרים על הזוגיות כשכל החיים משתנים? תקשורת בתקופות מעבר,איך שומרים על הזוגיות כשכל החיים משתנים? תקשורת בתקופות מעבר,"שינויים גדולים כמו החלפת עבודה, מעבר דירה או לידת ילד, מטלטלים את השגרה המוכרת. במקום שהזוגיות תהיה ...",כללי,קהל רחב / הורים / זוגות בהתאם לנושא,Informational (חיפוש תשובה / הדרכה / כלים),ייעוץ זוגי באשדוד,1,24,https://kesher.saharoni.com/blog/couples-communication-life-transitions,INDEXABLE,"קטגוריה: זוגיות. מילים: 1240, כותרות h3: 6."
https://kesher.saharoni.com/blog/relocation-career-loss-and-dependence,/blog/relocation-career-loss-and-dependence,blog_post,כשבן הזוג מאבד את הקריירה ברילוקיישן,כשבן הזוג מאבד את הקריירה ברילוקיישן,כשבן הזוג מאבד את הקריירה ברילוקיישן,"בוקר טיפוסי של רילוקיישן: בן זוג אחד מתארגן מוקדם, לובש חולצה מגוהצת ויוצא למשרד החדש, בזמן שהשני נש...",כללי,קהל רחב / הורים / זוגות בהתאם לנושא,Informational (חיפוש תשובה / הדרכה / כלים),ייעוץ זוגי באשדוד,1,24,https://kesher.saharoni.com/blog/relocation-career-loss-and-dependence,INDEXABLE,"קטגוריה: זוגיות. מילים: 1000, כותרות h3: 6."
https://kesher.saharoni.com/blog/managing-personal-boundaries-marriage,/blog/managing-personal-boundaries-marriage,blog_post,המחנק של השנה הראשונה: איך שומרים על מרחב אישי בלי להעליב את בן הזוג,המחנק של השנה הראשונה: איך שומרים על מרחב אישי בלי להעליב את בן הזוג,המחנק של השנה הראשונה: איך שומרים על מרחב אישי בלי להעליב את בן הזוג,אתם רוצים קצת שקט בחדר והצד השני נפגע. ההרגלים השונים מתנגשים פתאום והבית מרגיש צפוף מתמיד. איך מבקש...,כללי,קהל רחב / הורים / זוגות בהתאם לנושא,Informational (חיפוש תשובה / הדרכה / כלים),ייעוץ זוגי באשדוד,1,24,https://kesher.saharoni.com/blog/managing-personal-boundaries-marriage,INDEXABLE,"קטגוריה: זוגיות. מילים: 973, כותרות h3: 6."
https://kesher.saharoni.com/blog/dating-second-chance-criteria,/blog/dating-second-chance-criteria,blog_post,רשימת הדרישות והמציאות: איך לדעת מתי כדאי לתת צ'אנס לדייט שני?,רשימת הדרישות והמציאות: איך לדעת מתי כדאי לתת צ'אנס לדייט שני?,רשימת הדרישות והמציאות: איך לדעת מתי כדאי לתת צ'אנס לדייט שני?,"חזרתם מדייט ראשון, היה נחמד אבל לא הרגשתם פרפרים בבטן. הצד השני לא תואם בדיוק את הציפיות שלכם, ואתם ...",כללי,קהל רחב / הורים / זוגות בהתאם לנושא,Informational (חיפוש תשובה / הדרכה / כלים),פנייה לייעוץ / WhatsApp,1,24,https://kesher.saharoni.com/blog/dating-second-chance-criteria,INDEXABLE,"קטגוריה: זוגיות. מילים: 813, כותרות h3: 6."
https://kesher.saharoni.com/blog/late-singleness-friends-moving-forward,/blog/late-singleness-friends-moving-forward,blog_post,כולם מתקדמים: ההתמודדות עם מעגל החברים המשתנה ברווקות מאוחרת,כולם מתקדמים: ההתמודדות עם מעגל החברים המשתנה ברווקות מאוחרת,כולם מתקדמים: ההתמודדות עם מעגל החברים המשתנה ברווקות מאוחרת,"סוף שבוע נוסף מגיע, ושוב בקבוצת הוואטסאפ של החברים עולות תמונות ממשחקיות ומטיולים משפחתיים. בזמן שאת...",כללי,קהל רחב / הורים / זוגות בהתאם לנושא,Informational (חיפוש תשובה / הדרכה / כלים),פנייה לייעוץ / WhatsApp,1,24,https://kesher.saharoni.com/blog/late-singleness-friends-moving-forward,INDEXABLE,"קטגוריה: זוגיות. מילים: 809, כותרות h3: 6."
https://kesher.saharoni.com/blog/dating-communication-early-stages,/blog/dating-communication-early-stages,blog_post,הוא הפסיק לסמס כמו פעם? למה זה קורה ואיך להגיב בלי להרוס את הקשר,הוא הפסיק לסמס כמו פעם? למה זה קורה ואיך להגיב בלי להרוס את הקשר,הוא הפסיק לסמס כמו פעם? למה זה קורה ואיך להגיב בלי להרוס את הקשר,"אחרי כמה דייטים מעולים, פתאום קצב ההודעות יורד. הנטייה הטבעית היא להיכנס לחרדה ולנסח מגילות טקסט, או...",כללי,קהל רחב / הורים / זוגות בהתאם לנושא,Informational (חיפוש תשובה / הדרכה / כלים),ייעוץ זוגי באשדוד,1,24,https://kesher.saharoni.com/blog/dating-communication-early-stages,INDEXABLE,"קטגוריה: זוגיות. מילים: 869, כותרות h3: 5."
https://kesher.saharoni.com/blog/relocation-crisis-couple,/blog/relocation-crisis-couple,blog_post,7 שיחות שחייבים לעשות לפני שאורזים: החלום האמריקאי הפך לסיוט זוגי?,7 שיחות שחייבים לעשות לפני שאורזים: החלום האמריקאי הפך לסיוט זוגי?,7 שיחות שחייבים לעשות לפני שאורזים: החלום האמריקאי הפך לסיוט זוגי?,"חולמים על רילוקיישן? אולי אתם כבר שם. המעבר לחו""ל מציע הזדמנויות מדהימות, אבל הוא טומן בחובו סכנה עצ...",כללי,קהל רחב / הורים / זוגות בהתאם לנושא,Informational (חיפוש תשובה / הדרכה / כלים),פנייה לייעוץ / WhatsApp,0,1,https://kesher.saharoni.com/blog/relocation-crisis-couple,NOT_INDEXED (DRAFT_BELOW_QUALITY_GATE),"קטגוריה: ייעוץ זוגי. מילים: 355, כותרות h3: 3. מתחת לסף אינדוקס ומפת אתר (דורש הרחבה או מיזוג בעתיד)."
https://kesher.saharoni.com/blog/relocation-couple-conversations-before-moving,/blog/relocation-couple-conversations-before-moving,blog_post,רילוקיישן זוגי: 7 שיחות שחייבים לעשות לפני שאורזים,רילוקיישן זוגי: 7 שיחות שחייבים לעשות לפני שאורזים,רילוקיישן זוגי: 7 שיחות שחייבים לעשות לפני שאורזים,"כולם מדברים על ויזה, דירה ובית ספר. אבל מי מוותר על קריירה, איך מנהלים כסף ומה קורה אם אחד רוצה לחזו...",ייעוץ זוגי בעלייה וברילוקיישן (/services/couples-aliyah-relocation),קהל רחב / הורים / זוגות בהתאם לנושא,Informational (חיפוש תשובה / הדרכה / כלים),ייעוץ זוגי באשדוד,1,24,https://kesher.saharoni.com/blog/relocation-couple-conversations-before-moving,INDEXABLE,"קטגוריה: זוגיות. מילים: 765, כותרות h3: 9."
https://kesher.saharoni.com/blog/late-singleness-intrusive-family-questions,/blog/late-singleness-intrusive-family-questions,blog_post,רווקות מאוחרת והשאלות של המשפחה: איך לענות בלי להתגונן,רווקות מאוחרת והשאלות של המשפחה: איך לענות בלי להתגונן,רווקות מאוחרת והשאלות של המשפחה: איך לענות בלי להתגונן,"ארוחת שישי, כולם מתיישבים, ודודה אחת שואלת מול כולם מתי תורכם או למה הקשר האחרון לא עבד. המילים נתקע...",כללי,קהל רחב / הורים / זוגות בהתאם לנושא,Informational (חיפוש תשובה / הדרכה / כלים),פנייה לייעוץ / WhatsApp,1,24,https://kesher.saharoni.com/blog/late-singleness-intrusive-family-questions,INDEXABLE,"קטגוריה: זוגיות. מילים: 606, כותרות h3: 6."
https://kesher.saharoni.com/blog/aliyah-partners-different-adjustment-pace,/blog/aliyah-partners-different-adjustment-pace,blog_post,אחד כבר בבית והשני עדיין אורח: מה עושים כשבני זוג מסתגלים לישראל בקצב שונה?,אחד כבר בבית והשני עדיין אורח: מה עושים כשבני זוג מסתגלים לישראל בקצב שונה?,אחד כבר בבית והשני עדיין אורח: מה עושים כשבני זוג מסתגלים לישראל בקצב שונה?,"אחד מדבר עברית, מכיר את המערכת ומרגיש שחזר הביתה. השני תלוי בו לכל טופס ושיחה. כך עוצרים את הפער לפנ...",ייעוץ זוגי לעולים ולזוגות ברילוקיישן (/services/couples-aliyah-relocation),קהל רחב / הורים / זוגות בהתאם לנושא,Informational (חיפוש תשובה / הדרכה / כלים),ייעוץ זוגי באשדוד,1,24,https://kesher.saharoni.com/blog/aliyah-partners-different-adjustment-pace,INDEXABLE,"קטגוריה: זוגיות. מילים: 731, כותרות h3: 8."
https://kesher.saharoni.com/blog/premarital-questions-before-wedding,/blog/premarital-questions-before-wedding,blog_post,לפני שאומרים כן: 12 שאלות שחייבים לשאול לפני החתונה,לפני שאומרים כן: 12 שאלות שחייבים לשאול לפני החתונה,לפני שאומרים כן: 12 שאלות שחייבים לשאול לפני החתונה,"לא שאלות על צבע המפיות, אלא על כסף, חובות, משפחות, בית, ילדים וריבים. שתים־עשרה שיחות שיחסכו את המשפ...",פגישות הכנה לנישואים (/services/premarital-first-year),קהל רחב / הורים / זוגות בהתאם לנושא,Informational (חיפוש תשובה / הדרכה / כלים),ייעוץ זוגי באשדוד,1,24,https://kesher.saharoni.com/blog/premarital-questions-before-wedding,INDEXABLE,"קטגוריה: זוגיות. מילים: 699, כותרות h3: 13."
https://kesher.saharoni.com/blog/newlywed-first-year-conflicts,/blog/newlywed-first-year-conflicts,blog_post,משברים בשנה הראשונה לנישואים: שמונה מריבות נפוצות ואיך לפתור אותן ברוגע,משברים בשנה הראשונה לנישואים: שמונה מריבות נפוצות ואיך לפתור אותן ברוגע,משברים בשנה הראשונה לנישואים: שמונה מריבות נפוצות ואיך לפתור אותן ברוגע,"למה מתווכחים פתאום על מטלות הבית, ביקורים אצל המשפחה המורחבת וקניות? מריבות נפוצות בשנה הראשונה לניש...",ייעוץ זוגי באשדוד ובאונליין (/couples-counseling-ashdod),קהל רחב / הורים / זוגות בהתאם לנושא,Informational (חיפוש תשובה / הדרכה / כלים),ייעוץ זוגי באשדוד,1,24,https://kesher.saharoni.com/blog/newlywed-first-year-conflicts,INDEXABLE,"קטגוריה: זוגיות. מילים: 772, כותרות h3: 12."
https://kesher.saharoni.com/blog/child-after-school-restraint-collapse,/blog/child-after-school-restraint-collapse,blog_post,התפרצויות זעם אחרי הגן או בית הספר: למה הילד מתפרק דווקא בבית ואיך לעזור לו,התפרצויות זעם אחרי הגן או בית הספר: למה הילד מתפרק דווקא בבית ואיך לעזור לו,התפרצויות זעם אחרי הגן או בית הספר: למה הילד מתפרק דווקא בבית ואיך לעזור לו,"במסגרת מספרים על ילד רגוע ומשתף פעולה, אבל ברגע שנכנסים הביתה מתחילות צעקות, בכי והתפרצויות? מהי קרי...",הדרכת הורים באשדוד ובאונליין (/parenting-guidance-ashdod),קהל רחב / הורים / זוגות בהתאם לנושא,Informational (חיפוש תשובה / הדרכה / כלים),הדרכת הורים באשדוד,1,24,https://kesher.saharoni.com/blog/child-after-school-restraint-collapse,INDEXABLE,"קטגוריה: הדרכת הורים. מילים: 886, כותרות h3: 6."
https://kesher.saharoni.com/blog/toddler-independence-morning-struggles,/blog/toddler-independence-morning-struggles,blog_post,מאבקי בוקר עם פעוטות: איך להתמודד עם ״אני לבד!״ ולצאת מהבית בזמן בלי לצעוק,מאבקי בוקר עם פעוטות: איך להתמודד עם ״אני לבד!״ ולצאת מהבית בזמן בלי לצעוק,מאבקי בוקר עם פעוטות: איך להתמודד עם ״אני לבד!״ ולצאת מהבית בזמן בלי לצעוק,"השעה שמונה בבוקר, חייבים לצאת, אבל הפעוט מתעקש לנעול נעליים לבד ולוקח נצח? איך רצון בעצמאות הופך למא...",הדרכת הורים באשדוד ובאונליין (/parenting-guidance-ashdod),קהל רחב / הורים / זוגות בהתאם לנושא,Informational (חיפוש תשובה / הדרכה / כלים),הדרכת הורים באשדוד,1,24,https://kesher.saharoni.com/blog/toddler-independence-morning-struggles,INDEXABLE,"קטגוריה: הדרכת הורים. מילים: 1005, כותרות h3: 6."
https://kesher.saharoni.com/blog/invisible-mental-load-couples,/blog/invisible-mental-load-couples,blog_post,למה הוא אף פעם לא זוכר? על העומס המנטלי השקוף שהורס לנו את הזוגיות,למה הוא אף פעם לא זוכר? על העומס המנטלי השקוף שהורס לנו את הזוגיות,למה הוא אף פעם לא זוכר? על העומס המנטלי השקוף שהורס לנו את הזוגיות,"אתם מתחלקים שווה בשווה במטלות הבית, אז למה את עדיין כל כך מותשת? הגיע הזמן לדבר על המשקל השקוף של ני...",כללי,קהל רחב / הורים / זוגות בהתאם לנושא,Informational (חיפוש תשובה / הדרכה / כלים),ייעוץ זוגי באשדוד,1,24,https://kesher.saharoni.com/blog/invisible-mental-load-couples,INDEXABLE,"קטגוריה: זוגיות. מילים: 783, כותרות h3: 5."
https://kesher.saharoni.com/blog/parenting-good-cop-bad-cop,/blog/parenting-good-cop-bad-cop,blog_post,למה אני תמיד השוטר הרע? איך מפסיקים לבטל אחד את השנייה מול הילדים,למה אני תמיד השוטר הרע? איך מפסיקים לבטל אחד את השנייה מול הילדים,למה אני תמיד השוטר הרע? איך מפסיקים לבטל אחד את השנייה מול הילדים,"הילד מבקש ממתק, את מסרבת, ובן הזוג מיד נותן לו כדי שלא יבכה. איך דינמיקת ה""שוטר הטוב והשוטר הרע"" הור...",כללי,קהל רחב / הורים / זוגות בהתאם לנושא,Informational (חיפוש תשובה / הדרכה / כלים),הדרכת הורים באשדוד,0,2,https://kesher.saharoni.com/blog/parenting-good-cop-bad-cop,NOT_INDEXED (DRAFT_BELOW_QUALITY_GATE),"קטגוריה: הדרכת הורים. מילים: 914, כותרות h3: 0. מתחת לסף אינדוקס ומפת אתר (דורש הרחבה או מיזוג בעתיד)."
https://kesher.saharoni.com/blog/asking-for-help-without-yelling,/blog/asking-for-help-without-yelling,blog_post,"""למה את ישר צועקת?"" איך לבקש עזרה בבית בלי להפוך למפקדת","""למה את ישר צועקת?"" איך לבקש עזרה בבית בלי להפוך למפקדת","""למה את ישר צועקת?"" איך לבקש עזרה בבית בלי להפוך למפקדת","הוא שואל 'למה לא ביקשת עזרה?' ואת רותחת מזעם. איך לשבור את מעגל הכעס וההתגוננות, ולהתחיל לבקש עזרה ב...",כללי,קהל רחב / הורים / זוגות בהתאם לנושא,Informational (חיפוש תשובה / הדרכה / כלים),ייעוץ זוגי באשדוד,1,24,https://kesher.saharoni.com/blog/asking-for-help-without-yelling,INDEXABLE,"קטגוריה: ייעוץ זוגי. מילים: 1109, כותרות h3: 6."
https://kesher.saharoni.com/blog/children-lying-fear-disappointment,/blog/children-lying-fear-disappointment,blog_post,הוא שוב שיקר לך בפרצוף? למה ילדים מסתירים את האמת ואיך להפוך למקום בטוח עבורם,הוא שוב שיקר לך בפרצוף? למה ילדים מסתירים את האמת ואיך להפוך למקום בטוח עבורם,הוא שוב שיקר לך בפרצוף? למה ילדים מסתירים את האמת ואיך להפוך למקום בטוח עבורם,"הילד עשה טעות ובמקום להודות, הוא מסתכל לכם בעיניים ומשקר בלי למצמץ. למה התגובה הראשונית שלנו רק מחמי...",כללי,קהל רחב / הורים / זוגות בהתאם לנושא,Informational (חיפוש תשובה / הדרכה / כלים),הדרכת הורים באשדוד,1,24,https://kesher.saharoni.com/blog/children-lying-fear-disappointment,INDEXABLE,"קטגוריה: הדרכת הורים. מילים: 1035, כותרות h3: 6."
https://kesher.saharoni.com/blog/listening-vs-fixing-relationship-communication,/blog/listening-vs-fixing-relationship-communication,blog_post,"אתה לא מקשיב, אתה רק מנסה לתקן! למה פתרונות פרקטיים מכבים את הקרבה בזוגיות","אתה לא מקשיב, אתה רק מנסה לתקן! למה פתרונות פרקטיים מכבים את הקרבה בזוגיות","אתה לא מקשיב, אתה רק מנסה לתקן! למה פתרונות פרקטיים מכבים את הקרבה בזוגיות","כשבן הזוג משתף ביום קשה בעבודה, התגובה האוטומטית שלנו היא להציע פתרון מעשי. אבל למה זה דווקא גורם לו...",כללי,קהל רחב / הורים / זוגות בהתאם לנושא,Informational (חיפוש תשובה / הדרכה / כלים),ייעוץ זוגי באשדוד,1,24,https://kesher.saharoni.com/blog/listening-vs-fixing-relationship-communication,INDEXABLE,"קטגוריה: ייעוץ זוגי. מילים: 921, כותרות h3: 6."
https://kesher.saharoni.com/blog/mental-load-relationship-invisible-labor,/blog/mental-load-relationship-invisible-labor,blog_post,תגידי לי מה לעשות: איך העומס המנטלי הופך את בן הזוג שלך לעוזר במקום לשותף,תגידי לי מה לעשות: איך העומס המנטלי הופך את בן הזוג שלך לעוזר במקום לשותף,תגידי לי מה לעשות: איך העומס המנטלי הופך את בן הזוג שלך לעוזר במקום לשותף,הוא שואל 'למה לא ביקשת עזרה?' ואת רותחת מזעם. איך 'הנטל השקוף' של ניהול הבית והמשפחה שוחק את הזוגיות...,כללי,קהל רחב / הורים / זוגות בהתאם לנושא,Informational (חיפוש תשובה / הדרכה / כלים),ייעוץ זוגי באשדוד,1,24,https://kesher.saharoni.com/blog/mental-load-relationship-invisible-labor,INDEXABLE,"קטגוריה: ייעוץ זוגי. מילים: 1002, כותרות h3: 6."
https://kesher.saharoni.com/blog/i-told-you-so-criticism-in-relationships,/blog/i-told-you-so-criticism-in-relationships,blog_post,אמרתי לך! למה הביקורת ברגע של טעות רומסת את הזוגיות שלכם,אמרתי לך! למה הביקורת ברגע של טעות רומסת את הזוגיות שלכם,אמרתי לך! למה הביקורת ברגע של טעות רומסת את הזוגיות שלכם,"המשפט ""אמרתי לך"" או ביקורת ברגע שבו בן הזוג עושה טעות, לא מלמדים לקח אלא שוברים את תחושת הביטחון הרג...",כללי,קהל רחב / הורים / זוגות בהתאם לנושא,Informational (חיפוש תשובה / הדרכה / כלים),ייעוץ זוגי באשדוד,1,24,https://kesher.saharoni.com/blog/i-told-you-so-criticism-in-relationships,INDEXABLE,"קטגוריה: ייעוץ זוגי. מילים: 972, כותרות h3: 6."
https://kesher.saharoni.com/blog/screens-relationship-intimacy,/blog/screens-relationship-intimacy,blog_post,המסכים הורסים את הזוגיות? איך לעצור את הבריחה לטלפון ולהחזיר את האינטימיות,המסכים הורסים את הזוגיות? איך לעצור את הבריחה לטלפון ולהחזיר את האינטימיות,המסכים הורסים את הזוגיות? איך לעצור את הבריחה לטלפון ולהחזיר את האינטימיות,יושבים יחד על הספה בסוף היום אבל כל אחד שקוע במסך שלו בתחושת בדידות? למה הטלפון הפך למפלט מאינטימיות...,ייעוץ זוגי באשדוד ובאונליין (/couples-counseling-ashdod),קהל רחב / הורים / זוגות בהתאם לנושא,Informational (חיפוש תשובה / הדרכה / כלים),ייעוץ זוגי באשדוד,1,24,https://kesher.saharoni.com/blog/screens-relationship-intimacy,INDEXABLE,"קטגוריה: ייעוץ זוגי. מילים: 738, כותרות h3: 6."
https://kesher.saharoni.com/blog/separation-anxiety-morning-dropoff,/blog/separation-anxiety-morning-dropoff,blog_post,הוא בוכה בשער הגן ואתם נשברים? הדרך הנכונה להתמודד עם חרדת פרידה בבוקר,הוא בוכה בשער הגן ואתם נשברים? הדרך הנכונה להתמודד עם חרדת פרידה בבוקר,הוא בוכה בשער הגן ואתם נשברים? הדרך הנכונה להתמודד עם חרדת פרידה בבוקר,"בכל בוקר מחדש, הפרידה הופכת למאבק קורע לב ואתם יוצאים לעבודה עם תחושת אשמה כבדה. למה פרידה ארוכה רק ...",כללי,קהל רחב / הורים / זוגות בהתאם לנושא,Informational (חיפוש תשובה / הדרכה / כלים),הדרכת הורים באשדוד,1,24,https://kesher.saharoni.com/blog/separation-anxiety-morning-dropoff,INDEXABLE,"קטגוריה: הדרכת הורים. מילים: 973, כותרות h3: 6."
https://kesher.saharoni.com/blog/child-perfectionism-fear-of-failure,/blog/child-perfectionism-fear-of-failure,blog_post,הוא קורע את הציור כי יצא לו קו עקום: איך לעזור לילד פרפקציוניסט להתמודד עם כישלון,הוא קורע את הציור כי יצא לו קו עקום: איך לעזור לילד פרפקציוניסט להתמודד עם כישלון,הוא קורע את הציור כי יצא לו קו עקום: איך לעזור לילד פרפקציוניסט להתמודד עם כישלון,"הילד שלכם מתפרק מכל טעות קטנה, קורע דפים כשלא מצליח ומסרב לנסות דברים חדשים מחשש שייכשל? כך תעזרו לו...",כללי,קהל רחב / הורים / זוגות בהתאם לנושא,Informational (חיפוש תשובה / הדרכה / כלים),פנייה לייעוץ / WhatsApp,1,24,https://kesher.saharoni.com/blog/child-perfectionism-fear-of-failure,INDEXABLE,"קטגוריה: הדרכת הורים. מילים: 725, כותרות h3: 6."
https://kesher.saharoni.com/blog/surviving-the-after-work-transition,/blog/surviving-the-after-work-transition,blog_post,הוריקן של חמש אחר הצהריים: איך לחזור מהעבודה הביתה בלי לריב,הוריקן של חמש אחר הצהריים: איך לחזור מהעבודה הביתה בלי לריב,הוריקן של חמש אחר הצהריים: איך לחזור מהעבודה הביתה בלי לריב,"שעת החזרה מהעבודה היא רגע המעבר הקריטי ביותר ביום של משפחה, אבל היא הופכת מהר מאוד לשדה קרב. איך לשב...",כללי,קהל רחב / הורים / זוגות בהתאם לנושא,Informational (חיפוש תשובה / הדרכה / כלים),ייעוץ זוגי באשדוד,1,24,https://kesher.saharoni.com/blog/surviving-the-after-work-transition,INDEXABLE,"קטגוריה: הדרכת הורים. מילים: 736, כותרות h3: 6."
https://kesher.saharoni.com/blog/bedtime-battles-emotional-regulation,/blog/bedtime-battles-emotional-regulation,blog_post,מאבקי השכבה והרדמה: איך להפסיק את מלחמות הערב ולהרדים את הילדים ברוגע,מאבקי השכבה והרדמה: איך להפסיק את מלחמות הערב ולהרדים את הילדים ברוגע,מאבקי השכבה והרדמה: איך להפסיק את מלחמות הערב ולהרדים את הילדים ברוגע,"שעת ההשכבה הפכה למאבק מתיש של דמעות, יציאות מהמיטה וויכוחים אין-סופיים? איך לזהות מה מעכב את ההירדמו...",הדרכת הורים באשדוד ובאונליין (/parenting-guidance-ashdod),קהל רחב / הורים / זוגות בהתאם לנושא,Informational (חיפוש תשובה / הדרכה / כלים),הדרכת הורים באשדוד,1,24,https://kesher.saharoni.com/blog/bedtime-battles-emotional-regulation,INDEXABLE,"קטגוריה: הדרכת הורים. מילים: 980, כותרות h3: 6."
https://kesher.saharoni.com/blog/unspoken-expectations-in-relationships,/blog/unspoken-expectations-in-relationships,blog_post,הוא לא קורא מחשבות: למה הציפייה שבן הזוג 'יבין לבד' הורסת לכם את הזוגיות,הוא לא קורא מחשבות: למה הציפייה שבן הזוג 'יבין לבד' הורסת לכם את הזוגיות,הוא לא קורא מחשבות: למה הציפייה שבן הזוג 'יבין לבד' הורסת לכם את הזוגיות,"את מסדרת את הבית באפיסת כוחות, והוא פשוט יושב על הספה וצופה בטלוויזיה. איך הציפייה השקטה שלנו שבן הז...",כללי,קהל רחב / הורים / זוגות בהתאם לנושא,Informational (חיפוש תשובה / הדרכה / כלים),ייעוץ זוגי באשדוד,1,24,https://kesher.saharoni.com/blog/unspoken-expectations-in-relationships,INDEXABLE,"קטגוריה: זוגיות. מילים: 969, כותרות h3: 6."
https://kesher.saharoni.com/blog/breaking-silent-treatment-relationship,/blog/breaking-silent-treatment-relationship,blog_post,שתיקה מענישה בזוגיות: איך לשבור את חומת הנתק והשתיקה אחרי מריבה,שתיקה מענישה בזוגיות: איך לשבור את חומת הנתק והשתיקה אחרי מריבה,שתיקה מענישה בזוגיות: איך לשבור את חומת הנתק והשתיקה אחרי מריבה,"ימים של התעלמות ושתיקה כבדה בבית אחרי כל ויכוח? למה בני זוג נסגרים ושותקים כדי להעניש או להתגונן, וא...",ייעוץ זוגי באשדוד ובאונליין (/couples-counseling-ashdod),קהל רחב / הורים / זוגות בהתאם לנושא,Informational (חיפוש תשובה / הדרכה / כלים),ייעוץ זוגי באשדוד,1,24,https://kesher.saharoni.com/blog/breaking-silent-treatment-relationship,INDEXABLE,"קטגוריה: זוגיות. מילים: 1114, כותרות h3: 6."
https://kesher.saharoni.com/blog/connecting-with-withdrawn-teenager,/blog/connecting-with-withdrawn-teenager,blog_post,המתבגר מסתגר בחדר? איך לדובב אותו מבלי לחפור,המתבגר מסתגר בחדר? איך לדובב אותו מבלי לחפור,המתבגר מסתגר בחדר? איך לדובב אותו מבלי לחפור,"הוא נכנס הביתה, זורק את התיק ונועל את הדלת. ככל שאתם מנסים לדבר, הוא רק מתרחק יותר. למה זה קורה ואיך...",כללי,קהל רחב / הורים / זוגות בהתאם לנושא,Informational (חיפוש תשובה / הדרכה / כלים),פנייה לייעוץ / WhatsApp,1,24,https://kesher.saharoni.com/blog/connecting-with-withdrawn-teenager,INDEXABLE,"קטגוריה: הדרכת הורים. מילים: 811, כותרות h3: 6."
https://kesher.saharoni.com/blog/boundaries-extended-family,/blog/boundaries-extended-family,blog_post,הצבת גבולות למשפחה המורחבת: איך להתמודד עם התערבות ההורים בלי לפגוע בזוגיות,הצבת גבולות למשפחה המורחבת: איך להתמודד עם התערבות ההורים בלי לפגוע בזוגיות,הצבת גבולות למשפחה המורחבת: איך להתמודד עם התערבות ההורים בלי לפגוע בזוגיות,"הערות של ההורים או החמות על גידול הילדים, הכספים או סדרי החיים גורמות למריבות ביניכם? איך לבסס חזית ...",גישור זוגי באשדוד ובאונליין (/couples-mediation-ashdod),קהל רחב / הורים / זוגות בהתאם לנושא,Informational (חיפוש תשובה / הדרכה / כלים),ייעוץ זוגי באשדוד,1,24,https://kesher.saharoni.com/blog/boundaries-extended-family,INDEXABLE,"קטגוריה: זוגיות. מילים: 1091, כותרות h3: 6."
https://kesher.saharoni.com/blog/defensiveness-in-relationships,/blog/defensiveness-in-relationships,blog_post,התגוננות והאשמות הדדיות בזוגיות: איך להפסיק לתקוף ולהתגונן בכל שיחה,התגוננות והאשמות הדדיות בזוגיות: איך להפסיק לתקוף ולהתגונן בכל שיחה,התגוננות והאשמות הדדיות בזוגיות: איך להפסיק לתקוף ולהתגונן בכל שיחה,"כל שיחה פשוטה הופכת מיד למגננה, תירוצים והאשמות נגדיות? למה אנחנו מגיבים במתקפה כשאנחנו מרגישים מבוק...",ייעוץ זוגי באשדוד ובאונליין (/couples-counseling-ashdod),קהל רחב / הורים / זוגות בהתאם לנושא,Informational (חיפוש תשובה / הדרכה / כלים),ייעוץ זוגי באשדוד,1,24,https://kesher.saharoni.com/blog/defensiveness-in-relationships,INDEXABLE,"קטגוריה: זוגיות. מילים: 925, כותרות h3: 6."
https://kesher.saharoni.com/blog/mental-load-couples,/blog/mental-load-couples,blog_post,למה אני צריכה לבקש עזרה בבית שלי? איך לצאת ממלכודת העומס המנטלי,למה אני צריכה לבקש עזרה בבית שלי? איך לצאת ממלכודת העומס המנטלי,למה אני צריכה לבקש עזרה בבית שלי? איך לצאת ממלכודת העומס המנטלי,"הוא עוזר בבית כשאומרים לו, אבל התכנון, הזיכרון והאחריות נשארים עליך. איך מפסיקים להיות המנהלת של בן ...",כללי,קהל רחב / הורים / זוגות בהתאם לנושא,Informational (חיפוש תשובה / הדרכה / כלים),ייעוץ זוגי באשדוד,1,24,https://kesher.saharoni.com/blog/mental-load-couples,INDEXABLE,"קטגוריה: זוגיות. מילים: 886, כותרות h3: 6."
https://kesher.saharoni.com/blog/parenting-style-differences,/blog/parenting-style-differences,blog_post,פערים בחינוך הילדים בין בני הזוג: איך לגשר על חילוקי דעות בלי לפגוע בזוגיות,פערים בחינוך הילדים בין בני הזוג: איך לגשר על חילוקי דעות בלי לפגוע בזוגיות,פערים בחינוך הילדים בין בני הזוג: איך לגשר על חילוקי דעות בלי לפגוע בזוגיות,"אחד מוותר ומעגל פינות והשני דורש משמעת נוקשה? איך לצאת מתפקידי ״השוטר הטוב והשוטר הרע״, לבנות קו הור...",גישור זוגי באשדוד ובאונליין (/couples-mediation-ashdod),קהל רחב / הורים / זוגות בהתאם לנושא,Informational (חיפוש תשובה / הדרכה / כלים),ייעוץ זוגי באשדוד,1,24,https://kesher.saharoni.com/blog/parenting-style-differences,INDEXABLE,"קטגוריה: הדרכת הורים. מילים: 826, כותרות h3: 6."
https://kesher.saharoni.com/blog/sibling-rivalry-parent-intervention,/blog/sibling-rivalry-parent-intervention,blog_post,הוא התחיל! למה הניסיון שלנו לעשות צדק במריבות אחים רק מחמיר את המצב,הוא התחיל! למה הניסיון שלנו לעשות צדק במריבות אחים רק מחמיר את המצב,הוא התחיל! למה הניסיון שלנו לעשות צדק במריבות אחים רק מחמיר את המצב,"כשילדים רבים, האינסטינקט שלנו הוא להתערב ולשפוט. הנה הסיבה שזה לא עובד, ומה כדאי לעשות במקום.",כללי,קהל רחב / הורים / זוגות בהתאם לנושא,Informational (חיפוש תשובה / הדרכה / כלים),הדרכת הורים באשדוד,1,24,https://kesher.saharoni.com/blog/sibling-rivalry-parent-intervention,INDEXABLE,"קטגוריה: הדרכת הורים. מילים: 948, כותרות h3: 6."
https://kesher.saharoni.com/blog/repairing-relationship-after-resentment,/blog/repairing-relationship-after-resentment,blog_post,צבירת טינה ומשקעים בזוגיות: איך לשחרר כעסים ישנים ולפתוח את הלב מחדש,צבירת טינה ומשקעים בזוגיות: איך לשחרר כעסים ישנים ולפתוח את הלב מחדש,צבירת טינה ומשקעים בזוגיות: איך לשחרר כעסים ישנים ולפתוח את הלב מחדש,שנים של אכזבות קטנות שלא נפתרו הפכו לכעס תת-קרקעי וחומה רגשית? איך לפרק את מעגל הטינה והמרמור בזוגיו...,ייעוץ זוגי באשדוד ובאונליין (/couples-counseling-ashdod),קהל רחב / הורים / זוגות בהתאם לנושא,Informational (חיפוש תשובה / הדרכה / כלים),ייעוץ זוגי באשדוד,1,24,https://kesher.saharoni.com/blog/repairing-relationship-after-resentment,INDEXABLE,"קטגוריה: זוגיות. מילים: 975, כותרות h3: 6."
https://kesher.saharoni.com/blog/exhausted-couple-communication,/blog/exhausted-couple-communication,blog_post,"אנחנו לא רבים, אנחנו פשוט עייפים מדי לדבר: איך מחזירים את הקרבה מול שחיקת היומיום","אנחנו לא רבים, אנחנו פשוט עייפים מדי לדבר: איך מחזירים את הקרבה מול שחיקת היומיום","אנחנו לא רבים, אנחנו פשוט עייפים מדי לדבר: איך מחזירים את הקרבה מול שחיקת היומיום","שניכם חוזרים מהעבודה, מרדימים את הילדים, וקורסים מול המסך. הקשר לא במשבר, אבל המרחק גדל. איך מוצאים ...",כללי,קהל רחב / הורים / זוגות בהתאם לנושא,Informational (חיפוש תשובה / הדרכה / כלים),ייעוץ זוגי באשדוד,1,24,https://kesher.saharoni.com/blog/exhausted-couple-communication,INDEXABLE,"קטגוריה: זוגיות. מילים: 975, כותרות h3: 5."
https://kesher.saharoni.com/blog/adhd-first-grade-preparation,/blog/adhd-first-grade-preparation,blog_post,כיתה א' מתחילה בבית: תוכנית הכנה לילדים עם ADHD,כיתה א' מתחילה בבית: תוכנית הכנה לילדים עם ADHD,כיתה א' מתחילה בבית: תוכנית הכנה לילדים עם ADHD,"המעבר לכיתה א' דורש מילדי ADHD הרבה יותר מהיכרות עם אותיות. כך בונים מוכנות רגשית, שגרת בוקר, עצמאות...",כללי,קהל רחב / הורים / זוגות בהתאם לנושא,Informational (חיפוש תשובה / הדרכה / כלים),פנייה לייעוץ / WhatsApp,1,24,https://kesher.saharoni.com/blog/adhd-first-grade-preparation,INDEXABLE,"קטגוריה: הדרכת הורים. מילים: 513, כותרות h3: 6."
https://kesher.saharoni.com/blog/premarital-counseling-divorced-parents,/blog/premarital-counseling-divorced-parents,blog_post,מתחתנים כשההורים נפרדו: איך בונים זוגיות בלי לפחד לחזור על הסיפור שלהם,מתחתנים כשההורים נפרדו: איך בונים זוגיות בלי לפחד לחזור על הסיפור שלהם,מתחתנים כשההורים נפרדו: איך בונים זוגיות בלי לפחד לחזור על הסיפור שלהם,החתונה יכולה לעורר אצל מי שגדל עם הורים שנפרדו פחדים ושאלות שלא תמיד מדברים עליהן. הכנה זוגית עוזרת ...,כללי,קהל רחב / הורים / זוגות בהתאם לנושא,Informational (חיפוש תשובה / הדרכה / כלים),ייעוץ זוגי באשדוד,1,24,https://kesher.saharoni.com/blog/premarital-counseling-divorced-parents,INDEXABLE,"קטגוריה: זוגיות. מילים: 532, כותרות h3: 6."
https://kesher.saharoni.com/blog/couples-adhd-partner,/blog/couples-adhd-partner,blog_post,מתחתנים עם ADHD: איך מתחילים את החיים המשותפים כשותפים,מתחתנים עם ADHD: איך מתחילים את החיים המשותפים כשותפים,מתחתנים עם ADHD: איך מתחילים את החיים המשותפים כשותפים,"כאשר אחד או שני בני הזוג מתמודדים עם ADHD, כדאי לבנות לפני החתונה כללים זוגיים לניהול זמן, משימות, ע...",כללי,קהל רחב / הורים / זוגות בהתאם לנושא,Informational (חיפוש תשובה / הדרכה / כלים),ייעוץ זוגי באשדוד,1,24,https://kesher.saharoni.com/blog/couples-adhd-partner,INDEXABLE,"קטגוריה: זוגיות. מילים: 544, כותרות h3: 7."
https://kesher.saharoni.com/blog/communication-breakdown,/blog/communication-breakdown,blog_post,חוסר תקשורת בזוגיות: איך להתגבר על ריחוק ושתיקה ולהחזיר את הקרבה,חוסר תקשורת בזוגיות: איך להתגבר על ריחוק ושתיקה ולהחזיר את הקרבה,חוסר תקשורת בזוגיות: איך להתגבר על ריחוק ושתיקה ולהחזיר את הקרבה,מרגישים שאתם חיים כמו שני שותפים לדירה שמדברים רק על לוגיסטיקה וסידורים? איך לזהות את מלכודות הריחוק...,ייעוץ זוגי באשדוד ובאונליין (/couples-counseling-ashdod),קהל רחב / הורים / זוגות בהתאם לנושא,Informational (חיפוש תשובה / הדרכה / כלים),ייעוץ זוגי באשדוד,1,24,https://kesher.saharoni.com/blog/communication-breakdown,INDEXABLE,"קטגוריה: זוגיות. מילים: 745, כותרות h3: 5."
https://kesher.saharoni.com/blog/public-tantrums-emotional-regulation,/blog/public-tantrums-emotional-regulation,blog_post,התפרצויות זעם אצל ילדים במקומות ציבוריים: איך להגיב כשהילד משתטח וצורח בלי לאבד עשתונות,התפרצויות זעם אצל ילדים במקומות ציבוריים: איך להגיב כשהילד משתטח וצורח בלי לאבד עשתונות,התפרצויות זעם אצל ילדים במקומות ציבוריים: איך להגיב כשהילד משתטח וצורח בלי לאבד עשתונות,הילד משתטח וצורח בקניון או ברחוב וכל המבטים מופנים אליכם? כלים מעשיים להרגעת התקף זעם פומבי בזמן אמת...,הדרכת הורים באשדוד ובאונליין (/parenting-guidance-ashdod),קהל רחב / הורים / זוגות בהתאם לנושא,Informational (חיפוש תשובה / הדרכה / כלים),הדרכת הורים באשדוד,1,24,https://kesher.saharoni.com/blog/public-tantrums-emotional-regulation,INDEXABLE,"קטגוריה: הדרכת הורים. מילים: 975, כותרות h3: 6."
https://kesher.saharoni.com/blog/money-fights-communication,/blog/money-fights-communication,blog_post,מריבות על כסף בזוגיות: איך להפסיק להתווכח על הוצאות ולבנות תיאום כלכלי זוגי,מריבות על כסף בזוגיות: איך להפסיק להתווכח על הוצאות ולבנות תיאום כלכלי זוגי,מריבות על כסף בזוגיות: איך להפסיק להתווכח על הוצאות ולבנות תיאום כלכלי זוגי,"כל שיחה על כרטיס אשראי, קניות או חיסכון נגמרת בהאשמות, מתח ותסכול? מה באמת מסתתר מאחורי מריבות כלכלי...",ייעוץ זוגי באשדוד ובאונליין (/couples-counseling-ashdod),קהל רחב / הורים / זוגות בהתאם לנושא,Informational (חיפוש תשובה / הדרכה / כלים),ייעוץ זוגי באשדוד,0,2,https://kesher.saharoni.com/blog/money-fights-communication,NOT_INDEXED (DRAFT_BELOW_QUALITY_GATE),"קטגוריה: זוגיות. מילים: 1020, כותרות h3: 0. מתחת לסף אינדוקס ומפת אתר (דורש הרחבה או מיזוג בעתיד)."
https://kesher.saharoni.com/blog/adhd-morning-routine,/blog/adhd-morning-routine,blog_post,התארגנות בוקר עם ילד עם הפרעת קשב וריכוז (ADHD): צעדים מעשיים לשגרה רגועה ללא צעקות,התארגנות בוקר עם ילד עם הפרעת קשב וריכוז (ADHD): צעדים מעשיים לשגרה רגועה ללא צעקות,התארגנות בוקר עם ילד עם הפרעת קשב וריכוז (ADHD): צעדים מעשיים לשגרה רגועה ללא צעקות,"כל בוקר הופך למאבק מתיש סביב קימה, לבוש ואיחורים לבית הספר? מדריך מעשי להורים לילדים עם קשיי קשב: אי...",הדרכת הורים באשדוד ובאונליין (/parenting-guidance-ashdod),קהל רחב / הורים / זוגות בהתאם לנושא,Informational (חיפוש תשובה / הדרכה / כלים),הדרכת הורים באשדוד,1,24,https://kesher.saharoni.com/blog/adhd-morning-routine,INDEXABLE,"קטגוריה: הדרכת הורים. מילים: 761, כותרות h3: 6."
https://kesher.saharoni.com/blog/boundaries-without-punishments,/blog/boundaries-without-punishments,blog_post,הצבת גבולות לילדים ללא עונשים ואיומים: איך לבסס סמכות הורית רגועה ויציבה,הצבת גבולות לילדים ללא עונשים ואיומים: איך לבסס סמכות הורית רגועה ויציבה,הצבת גבולות לילדים ללא עונשים ואיומים: איך לבסס סמכות הורית רגועה ויציבה,עונשים ואיומים מפסיקים לעבוד ויוצרים רק מאבקי כוח מתישים? כלים מעשיים להצבת גבולות ברורים ועקביים שמ...,הדרכת הורים באשדוד ובאונליין (/parenting-guidance-ashdod),קהל רחב / הורים / זוגות בהתאם לנושא,Informational (חיפוש תשובה / הדרכה / כלים),הדרכת הורים באשדוד,1,24,https://kesher.saharoni.com/blog/boundaries-without-punishments,INDEXABLE,"קטגוריה: הדרכת הורים. מילים: 1056, כותרות h3: 7."
https://kesher.saharoni.com/blog/healing-after-infidelity,/blog/healing-after-infidelity,blog_post,היום שאחרי הגילוי: האם אפשר באמת לחזור לאהוב אחרי בגידה?,היום שאחרי הגילוי: האם אפשר באמת לחזור לאהוב אחרי בגידה?,היום שאחרי הגילוי: האם אפשר באמת לחזור לאהוב אחרי בגידה?,הרגע שבו מגלים על בגידה מרגיש כמו רעידת אדמה שמחריבה את כל מה שידעתם על הקשר. איך מפסיקים לחיות בחרד...,כללי,קהל רחב / הורים / זוגות בהתאם לנושא,Informational (חיפוש תשובה / הדרכה / כלים),ייעוץ זוגי באשדוד,1,24,https://kesher.saharoni.com/blog/healing-after-infidelity,INDEXABLE,"קטגוריה: זוגיות. מילים: 1015, כותרות h3: 6."
https://kesher.saharoni.com/blog/relationship-after-childbirth,/blog/relationship-after-childbirth,blog_post,זוגיות אחרי לידה: כשהתינוק בוכה והתקשורת שותקת,זוגיות אחרי לידה: כשהתינוק בוכה והתקשורת שותקת,זוגיות אחרי לידה: כשהתינוק בוכה והתקשורת שותקת,איך קורה שהתקופה שאמורה להיות הכי מרגשת בחיים הופכת לשדה קרב של חוסר שינה ופנקסנות. הדרך חזרה ליחד.,כללי,קהל רחב / הורים / זוגות בהתאם לנושא,Informational (חיפוש תשובה / הדרכה / כלים),פנייה לייעוץ / WhatsApp,0,0,https://kesher.saharoni.com/blog/relationship-after-childbirth,NOT_INDEXED (DRAFT_BELOW_QUALITY_GATE),"קטגוריה: זוגיות. מילים: 181, כותרות h3: 2. מתחת לסף אינדוקס ומפת אתר (דורש הרחבה או מיזוג בעתיד)."
https://kesher.saharoni.com/blog/roman-empire,/blog/roman-empire,blog_post,מה הסוד שבן הזוג שלך מסתיר? (וזה לא מה שאת חושבת),מה הסוד שבן הזוג שלך מסתיר? (וזה לא מה שאת חושבת),מה הסוד שבן הזוג שלך מסתיר? (וזה לא מה שאת חושבת),טרנד 'האימפריה הרומית' הוא הזדמנות מצוינת לגלות מחדש את העולמות הפנימיים של בני הזוג שלנו.,כללי,קהל רחב / הורים / זוגות בהתאם לנושא,Informational (חיפוש תשובה / הדרכה / כלים),פנייה לייעוץ / WhatsApp,0,0,https://kesher.saharoni.com/blog/roman-empire,NOT_INDEXED (DRAFT_BELOW_QUALITY_GATE),"קטגוריה: זוגיות. מילים: 111, כותרות h3: 2. מתחת לסף אינדוקס ומפת אתר (דורש הרחבה או מיזוג בעתיד)."
https://kesher.saharoni.com/blog/quiet-resignation,/blog/quiet-resignation,blog_post,"ייאוש שקט בזוגיות: למה הפסקתם לריב והתחלתם להתרחק, ואיך מצילים את הקשר","ייאוש שקט בזוגיות: למה הפסקתם לריב והתחלתם להתרחק, ואיך מצילים את הקשר","ייאוש שקט בזוגיות: למה הפסקתם לריב והתחלתם להתרחק, ואיך מצילים את הקשר","כבר לא מתווכחים אבל גם לא מתקרבים? כשבני זוג מוותרים על הניסיון להסביר את עצמם ונסגרים בפנים, הזוגיו...",ייעוץ זוגי באשדוד ובאונליין (/couples-counseling-ashdod),קהל רחב / הורים / זוגות בהתאם לנושא,Informational (חיפוש תשובה / הדרכה / כלים),ייעוץ זוגי באשדוד,0,1,https://kesher.saharoni.com/blog/quiet-resignation,NOT_INDEXED (DRAFT_BELOW_QUALITY_GATE),"קטגוריה: זוגיות. מילים: 137, כותרות h3: 2. מתחת לסף אינדוקס ומפת אתר (דורש הרחבה או מיזוג בעתיד)."
https://kesher.saharoni.com/blog/breaking-the-yelling-cycle,/blog/breaking-the-yelling-cycle,blog_post,איך להפסיק לצעוק על הילדים: מה לעשות כשהילד לא מקשיב עד שמרימים את הקול,איך להפסיק לצעוק על הילדים: מה לעשות כשהילד לא מקשיב עד שמרימים את הקול,איך להפסיק לצעוק על הילדים: מה לעשות כשהילד לא מקשיב עד שמרימים את הקול,"מבקשים בסבלנות, מסבירים שוב ושוב, אבל שום דבר לא קורה עד שצועקים? למה ילדים מפתחים אטימות לבקשות רגו...",הדרכת הורים באשדוד ובאונליין (/parenting-guidance-ashdod),קהל רחב / הורים / זוגות בהתאם לנושא,Informational (חיפוש תשובה / הדרכה / כלים),ייעוץ זוגי באשדוד,1,24,https://kesher.saharoni.com/blog/breaking-the-yelling-cycle,INDEXABLE,"קטגוריה: הדרכת הורים. מילים: 979, כותרות h3: 6."
https://kesher.saharoni.com/blog/when-children-say-i-hate-you,/blog/when-children-say-i-hate-you,blog_post,"""אני שונא אותך!"" - למה ילדים אומרים מילים קשות ואיך להגיב בלי לאבד שליטה","""אני שונא אותך!"" - למה ילדים אומרים מילים קשות ואיך להגיב בלי לאבד שליטה","""אני שונא אותך!"" - למה ילדים אומרים מילים קשות ואיך להגיב בלי לאבד שליטה","שעת ההשכבה שוב מסתיימת בצרחות, והילד שלכם יורה לעברכם את המילים הכי כואבות שיש: ""אני שונא אותך!"". במ...",כללי,קהל רחב / הורים / זוגות בהתאם לנושא,Informational (חיפוש תשובה / הדרכה / כלים),הדרכת הורים באשדוד,1,24,https://kesher.saharoni.com/blog/when-children-say-i-hate-you,INDEXABLE,"קטגוריה: הדרכת הורים. מילים: 1084, כותרות h3: 6."
https://kesher.saharoni.com/blog/adhd-and-screen-addiction-strategies,/blog/adhd-and-screen-addiction-strategies,blog_post,התמכרות למסכים אצל ילדים עם הפרעת קשב (ADHD): איך להגביל זמן מסך בלי התפרצויות זעם,התמכרות למסכים אצל ילדים עם הפרעת קשב (ADHD): איך להגביל זמן מסך בלי התפרצויות זעם,התמכרות למסכים אצל ילדים עם הפרעת קשב (ADHD): איך להגביל זמן מסך בלי התפרצויות זעם,"הילד שקוע במשחקים במסך ומגיב באלימות או זעם כשמבקשים לכבות? למה המוח עם קשיי קשב נלכד במסכים, ואיך מ...",הדרכת הורים באשדוד ובאונליין (/parenting-guidance-ashdod),קהל רחב / הורים / זוגות בהתאם לנושא,Informational (חיפוש תשובה / הדרכה / כלים),הדרכת הורים באשדוד,0,1,https://kesher.saharoni.com/blog/adhd-and-screen-addiction-strategies,NOT_INDEXED (DRAFT_BELOW_QUALITY_GATE),"קטגוריה: הדרכת הורים. מילים: 41, כותרות h3: 0. מתחת לסף אינדוקס ומפת אתר (דורש הרחבה או מיזוג בעתיד)."
https://kesher.saharoni.com/blog/parenting-the-stubborn-child,/blog/parenting-the-stubborn-child,blog_post,התמודדות עם ילד עקשן ודעתן: איך לעצור מאבקי כוח יומיומיים בלי להישבר,התמודדות עם ילד עקשן ודעתן: איך לעצור מאבקי כוח יומיומיים בלי להישבר,התמודדות עם ילד עקשן ודעתן: איך לעצור מאבקי כוח יומיומיים בלי להישבר,"כל בקשה נתקלת בסירוב מיידי, ויכוח עקרוני ומאבק שליטה? דרכים מעשיות להציב גבול ברור מול עקשנות של ילד...",הדרכת הורים באשדוד ובאונליין (/parenting-guidance-ashdod),קהל רחב / הורים / זוגות בהתאם לנושא,Informational (חיפוש תשובה / הדרכה / כלים),הדרכת הורים באשדוד,0,1,https://kesher.saharoni.com/blog/parenting-the-stubborn-child,NOT_INDEXED (DRAFT_BELOW_QUALITY_GATE),"קטגוריה: הדרכת הורים. מילים: 36, כותרות h3: 0. מתחת לסף אינדוקס ומפת אתר (דורש הרחבה או מיזוג בעתיד)."
https://kesher.saharoni.com/blog/marriage-after-trust-leak,/blog/marriage-after-trust-leak,blog_post,"שקרים קטנים, נזק גדול: האם אמון שנסדק יכול לחזור להיות שלם?","שקרים קטנים, נזק גדול: האם אמון שנסדק יכול לחזור להיות שלם?","שקרים קטנים, נזק גדול: האם אמון שנסדק יכול לחזור להיות שלם?","הסתרה של קניות, שיחות או רגשות. איך בונים מחדש את הביטחון כשהפרטנר הפסיק להיות שקוף.",כללי,קהל רחב / הורים / זוגות בהתאם לנושא,Informational (חיפוש תשובה / הדרכה / כלים),פנייה לייעוץ / WhatsApp,0,0,https://kesher.saharoni.com/blog/marriage-after-trust-leak,NOT_INDEXED (DRAFT_BELOW_QUALITY_GATE),"קטגוריה: זוגיות. מילים: 31, כותרות h3: 0. מתחת לסף אינדוקס ומפת אתר (דורש הרחבה או מיזוג בעתיד)."
https://kesher.saharoni.com/blog/parenting-teen-social-anxiety,/blog/parenting-teen-social-anxiety,blog_post,הוא לא רוצה לצאת למסיבה? התמודדות עם חרדה חברתית של מתבגרים,הוא לא רוצה לצאת למסיבה? התמודדות עם חרדה חברתית של מתבגרים,הוא לא רוצה לצאת למסיבה? התמודדות עם חרדה חברתית של מתבגרים,הלחץ החברתי וההשוואה הבלתי פוסקת ברשתות. איך לחזק את הביטחון של המתבגר שלכם.,כללי,קהל רחב / הורים / זוגות בהתאם לנושא,Informational (חיפוש תשובה / הדרכה / כלים),פנייה לייעוץ / WhatsApp,0,0,https://kesher.saharoni.com/blog/parenting-teen-social-anxiety,NOT_INDEXED (DRAFT_BELOW_QUALITY_GATE),"קטגוריה: הדרכת הורים. מילים: 33, כותרות h3: 0. מתחת לסף אינדוקס ומפת אתר (דורש הרחבה או מיזוג בעתיד)."
https://kesher.saharoni.com/blog/fights-before-wedding,/blog/fights-before-wedding,blog_post,ריבים לפני החתונה: איך שומרים על הזוגיות בדרך לחופה?,ריבים לפני החתונה: איך שומרים על הזוגיות בדרך לחופה?,ריבים לפני החתונה: איך שומרים על הזוגיות בדרך לחופה?,"ההכנות לחתונה מביאות איתן לפעמים מתח רב, והרבה זוגות מוצאים את עצמם רבים בדיוק כשהם אמורים להיות הכי...",כללי,קהל רחב / הורים / זוגות בהתאם לנושא,Informational (חיפוש תשובה / הדרכה / כלים),פנייה לייעוץ / WhatsApp,1,24,https://kesher.saharoni.com/blog/fights-before-wedding,INDEXABLE,"קטגוריה: זוגיות. מילים: 844, כותרות h3: 5."
