signal_id,query,source,parent_seed_id,parent_query,raw_text,normalized_query,observed_at_utc,language,country,serp_features_detected,confidence,notes
SIG-0001,ייעוץ זוגי,AUTOCOMPLETE,SEED-COUP-01,ייעוץ זוגי,ייעוץ זוגי,ייעוץ זוגי,2026-09-18T14:20:00Z,he,il,AUTOCOMPLETE,HIGH,Observed via Google Autocomplete (BASE)
SIG-0002,ייעוץ זוגי באר שבע,AUTOCOMPLETE,SEED-COUP-01,ייעוץ זוגי,ייעוץ זוגי באר שבע,ייעוץ זוגי באר שבע,2026-09-18T14:20:00Z,he,il,AUTOCOMPLETE,HIGH,Observed via Google Autocomplete (BASE)
SIG-0003,ייעוץ זוגי באשדוד,AUTOCOMPLETE,SEED-COUP-01,ייעוץ זוגי,ייעוץ זוגי באשדוד,ייעוץ זוגי באשדוד,2026-09-18T14:20:00Z,he,il,AUTOCOMPLETE,HIGH,Observed via Google Autocomplete (BASE)
SIG-0004,ייעוץ זוגי באשקלון,AUTOCOMPLETE,SEED-COUP-01,ייעוץ זוגי,ייעוץ זוגי באשקלון,ייעוץ זוגי באשקלון,2026-09-18T14:20:00Z,he,il,AUTOCOMPLETE,HIGH,Observed via Google Autocomplete (BASE)
SIG-0005,ייעוץ זוגי במרכז,AUTOCOMPLETE,SEED-COUP-01,ייעוץ זוגי,ייעוץ זוגי במרכז,ייעוץ זוגי במרכז,2026-09-18T14:20:00Z,he,il,AUTOCOMPLETE,HIGH,Observed via Google Autocomplete (BASE)
SIG-0006,ייעוץ זוגי חינם,AUTOCOMPLETE,SEED-COUP-01,ייעוץ זוגי,ייעוץ זוגי חינם,ייעוץ זוגי חינם,2026-09-18T14:20:00Z,he,il,AUTOCOMPLETE,HIGH,Observed via Google Autocomplete (BASE)
SIG-0007,ייעוץ זוגי לימודים,AUTOCOMPLETE,SEED-COUP-01,ייעוץ זוגי,ייעוץ זוגי לימודים,ייעוץ זוגי לימודים,2026-09-18T14:20:00Z,he,il,AUTOCOMPLETE,HIGH,Observed via Google Autocomplete (BASE)
SIG-0008,ייעוץ זוגי הידברות,AUTOCOMPLETE,SEED-COUP-01,ייעוץ זוגי,ייעוץ זוגי הידברות,ייעוץ זוגי הידברות,2026-09-18T14:20:00Z,he,il,AUTOCOMPLETE,HIGH,Observed via Google Autocomplete (BASE)
SIG-0009,ייעוץ זוגי מכבי,AUTOCOMPLETE,SEED-COUP-01,ייעוץ זוגי,ייעוץ זוגי מכבי,ייעוץ זוגי מכבי,2026-09-18T14:20:00Z,he,il,AUTOCOMPLETE,HIGH,Observed via Google Autocomplete (BASE)
SIG-0010,ייעוץ זוגי כללית,AUTOCOMPLETE,SEED-COUP-01,ייעוץ זוגי,ייעוץ זוגי כללית,ייעוץ זוגי כללית,2026-09-18T14:20:00Z,he,il,AUTOCOMPLETE,HIGH,Observed via Google Autocomplete (BASE)
SIG-0011,ייעוץ זוגי מומלץ,AUTOCOMPLETE,SEED-COUP-01,ייעוץ זוגי,ייעוץ זוגי מומלץ,ייעוץ זוגי מומלץ,2026-09-18T14:20:00Z,he,il,AUTOCOMPLETE,HIGH,Observed via Google Autocomplete (TRAILING_SPACE)
SIG-0012,כמה עולה ייעוץ זוגי,AUTOCOMPLETE,SEED-COUP-01,ייעוץ זוגי,כמה עולה ייעוץ זוגי,כמה עולה ייעוץ זוגי,2026-09-18T14:20:00Z,he,il,AUTOCOMPLETE,HIGH,Observed via Google Autocomplete (PREFIX_כמה עולה)
SIG-0013,כמה עולה קורס ייעוץ זוגי,AUTOCOMPLETE,SEED-COUP-01,ייעוץ זוגי,כמה עולה קורס ייעוץ זוגי,כמה עולה קורס ייעוץ זוגי,2026-09-18T14:20:00Z,he,il,AUTOCOMPLETE,HIGH,Observed via Google Autocomplete (PREFIX_כמה עולה)
SIG-0014,ייעוץ זוגי אשקלון,AUTOCOMPLETE,SEED-COUP-01,ייעוץ זוגי,ייעוץ זוגי אשקלון,ייעוץ זוגי אשקלון,2026-09-18T14:20:00Z,he,il,AUTOCOMPLETE,HIGH,Observed via Google Autocomplete (SUFFIX_א)
SIG-0015,ייעוץ זוגי אבן יהודה,AUTOCOMPLETE,SEED-COUP-01,ייעוץ זוגי,ייעוץ זוגי אבן יהודה,ייעוץ זוגי אבן יהודה,2026-09-18T14:20:00Z,he,il,AUTOCOMPLETE,HIGH,Observed via Google Autocomplete (SUFFIX_א)
SIG-0016,ייעוץ זוגי אונליין,AUTOCOMPLETE,SEED-COUP-01,ייעוץ זוגי,ייעוץ זוגי אונליין,ייעוץ זוגי אונליין,2026-09-18T14:20:00Z,he,il,AUTOCOMPLETE,HIGH,Observed via Google Autocomplete (SUFFIX_א)
SIG-0017,ייעוץ זוגי אישי,AUTOCOMPLETE,SEED-COUP-01,ייעוץ זוגי,ייעוץ זוגי אישי,ייעוץ זוגי אישי,2026-09-18T14:20:00Z,he,il,AUTOCOMPLETE,HIGH,Observed via Google Autocomplete (SUFFIX_א)
SIG-0018,ייעוץ זוגי אריאל,AUTOCOMPLETE,SEED-COUP-01,ייעוץ זוגי,ייעוץ זוגי אריאל,ייעוץ זוגי אריאל,2026-09-18T14:20:00Z,he,il,AUTOCOMPLETE,HIGH,Observed via Google Autocomplete (SUFFIX_א)
SIG-0019,ייעוץ זוגי אחרי בגידה,AUTOCOMPLETE,SEED-COUP-01,ייעוץ זוגי,ייעוץ זוגי אחרי בגידה,ייעוץ זוגי אחרי בגידה,2026-09-18T14:20:00Z,he,il,AUTOCOMPLETE,HIGH,Observed via Google Autocomplete (SUFFIX_א)
SIG-0020,ייעוץ זוגי באילת,AUTOCOMPLETE,SEED-COUP-01,ייעוץ זוגי,ייעוץ זוגי באילת,ייעוץ זוגי באילת,2026-09-18T14:20:00Z,he,il,AUTOCOMPLETE,HIGH,Observed via Google Autocomplete (SUFFIX_א)
SIG-0021,ייעוץ זוגי אנונימי,AUTOCOMPLETE,SEED-COUP-01,ייעוץ זוגי,ייעוץ זוגי אנונימי,ייעוץ זוגי אנונימי,2026-09-18T14:20:00Z,he,il,AUTOCOMPLETE,HIGH,Observed via Google Autocomplete (SUFFIX_א)
SIG-0022,ייעוץ זוגי בר אילן,AUTOCOMPLETE,SEED-COUP-01,ייעוץ זוגי,ייעוץ זוגי בר אילן,ייעוץ זוגי בר אילן,2026-09-18T14:20:00Z,he,il,AUTOCOMPLETE,HIGH,Observed via Google Autocomplete (SUFFIX_ב)
SIG-0023,ייעוץ זוגי בפתח תקווה,AUTOCOMPLETE,SEED-COUP-01,ייעוץ זוגי,ייעוץ זוגי בפתח תקווה,ייעוץ זוגי בפתח תקווה,2026-09-18T14:20:00Z,he,il,AUTOCOMPLETE,HIGH,Observed via Google Autocomplete (SUFFIX_ב)
SIG-0024,ייעוץ זוגי בשרון,AUTOCOMPLETE,SEED-COUP-01,ייעוץ זוגי,ייעוץ זוגי בשרון,ייעוץ זוגי בשרון,2026-09-18T14:20:00Z,he,il,AUTOCOMPLETE,HIGH,Observed via Google Autocomplete (SUFFIX_ב)
SIG-0025,ייעוץ זוגי בנתניה,AUTOCOMPLETE,SEED-COUP-01,ייעוץ זוגי,ייעוץ זוגי בנתניה,ייעוץ זוגי בנתניה,2026-09-18T14:20:00Z,he,il,AUTOCOMPLETE,HIGH,Observed via Google Autocomplete (SUFFIX_ב)
SIG-0026,ייעוץ זוגי בירושלים,AUTOCOMPLETE,SEED-COUP-01,ייעוץ זוגי,ייעוץ זוגי בירושלים,ייעוץ זוגי בירושלים,2026-09-18T14:20:00Z,he,il,AUTOCOMPLETE,HIGH,Observed via Google Autocomplete (SUFFIX_ב)
SIG-0027,ייעוץ זוגי בצפון,AUTOCOMPLETE,SEED-COUP-01,ייעוץ זוגי,ייעוץ זוגי בצפון,ייעוץ זוגי בצפון,2026-09-18T14:20:00Z,he,il,AUTOCOMPLETE,HIGH,Observed via Google Autocomplete (SUFFIX_ב)
SIG-0028,ייעוץ זוגי דתי המלצות,AUTOCOMPLETE,SEED-COUP-01,ייעוץ זוגי,ייעוץ זוגי דתי המלצות,ייעוץ זוגי דתי המלצות,2026-09-18T14:20:00Z,he,il,AUTOCOMPLETE,HIGH,Observed via Google Autocomplete (SUFFIX_ד)
SIG-0029,ייעוץ זוגי דתי,AUTOCOMPLETE,SEED-COUP-01,ייעוץ זוגי,ייעוץ זוגי דתי,ייעוץ זוגי דתי,2026-09-18T14:20:00Z,he,il,AUTOCOMPLETE,HIGH,Observed via Google Autocomplete (SUFFIX_ד)
SIG-0030,ייעוץ זוגי דרך כללית,AUTOCOMPLETE,SEED-COUP-01,ייעוץ זוגי,ייעוץ זוגי דרך כללית,ייעוץ זוגי דרך כללית,2026-09-18T14:20:00Z,he,il,AUTOCOMPLETE,HIGH,Observed via Google Autocomplete (SUFFIX_ד)
SIG-0031,ייעוץ זוגי דרך מכבי,AUTOCOMPLETE,SEED-COUP-01,ייעוץ זוגי,ייעוץ זוגי דרך מכבי,ייעוץ זוגי דרך מכבי,2026-09-18T14:20:00Z,he,il,AUTOCOMPLETE,HIGH,Observed via Google Autocomplete (SUFFIX_ד)
SIG-0032,ייעוץ זוגי דרך קופת חולים,AUTOCOMPLETE,SEED-COUP-01,ייעוץ זוגי,ייעוץ זוגי דרך קופת חולים,ייעוץ זוגי דרך קופת חולים,2026-09-18T14:20:00Z,he,il,AUTOCOMPLETE,HIGH,Observed via Google Autocomplete (SUFFIX_ד)
SIG-0033,ייעוץ זוגי דרושים,AUTOCOMPLETE,SEED-COUP-01,ייעוץ זוגי,ייעוץ זוגי דרושים,ייעוץ זוגי דרושים,2026-09-18T14:20:00Z,he,il,AUTOCOMPLETE,HIGH,Observed via Google Autocomplete (SUFFIX_ד)
SIG-0034,לימוד ייעוץ זוגי דתי,AUTOCOMPLETE,SEED-COUP-01,ייעוץ זוגי,לימוד ייעוץ זוגי דתי,לימוד ייעוץ זוגי דתי,2026-09-18T14:20:00Z,he,il,AUTOCOMPLETE,HIGH,Observed via Google Autocomplete (SUFFIX_ד)
SIG-0035,דניאלה ייעוץ זוגי,AUTOCOMPLETE,SEED-COUP-01,ייעוץ זוגי,דניאלה ייעוץ זוגי,דניאלה ייעוץ זוגי,2026-09-18T14:20:00Z,he,il,AUTOCOMPLETE,HIGH,Observed via Google Autocomplete (SUFFIX_ד)
SIG-0036,ייעוץ זוגי המלצות,AUTOCOMPLETE,SEED-COUP-01,ייעוץ זוגי,ייעוץ זוגי המלצות,ייעוץ זוגי המלצות,2026-09-18T14:20:00Z,he,il,AUTOCOMPLETE,HIGH,Observed via Google Autocomplete (SUFFIX_ה)
SIG-0037,ייעוץ זוגי הידברות טלפון,AUTOCOMPLETE,SEED-COUP-01,ייעוץ זוגי,ייעוץ זוגי הידברות טלפון,ייעוץ זוגי הידברות טלפון,2026-09-18T14:20:00Z,he,il,AUTOCOMPLETE,HIGH,Observed via Google Autocomplete (SUFFIX_ה)
SIG-0038,ייעוץ זוגי הוד השרון,AUTOCOMPLETE,SEED-COUP-01,ייעוץ זוגי,ייעוץ זוגי הוד השרון,ייעוץ זוגי הוד השרון,2026-09-18T14:20:00Z,he,il,AUTOCOMPLETE,HIGH,Observed via Google Autocomplete (SUFFIX_ה)
SIG-0039,ייעוץ זוגי הכשרה,AUTOCOMPLETE,SEED-COUP-01,ייעוץ זוגי,ייעוץ זוגי הכשרה,ייעוץ זוגי הכשרה,2026-09-18T14:20:00Z,he,il,AUTOCOMPLETE,HIGH,Observed via Google Autocomplete (SUFFIX_ה)
SIG-0040,ייעוץ זוגי הרצליה,AUTOCOMPLETE,SEED-COUP-01,ייעוץ זוגי,ייעוץ זוגי הרצליה,ייעוץ זוגי הרצליה,2026-09-18T14:20:00Z,he,il,AUTOCOMPLETE,HIGH,Observed via Google Autocomplete (SUFFIX_ה)
SIG-0041,ייעוץ זוגי הרב קוואס,AUTOCOMPLETE,SEED-COUP-01,ייעוץ זוגי,ייעוץ זוגי הרב קוואס,ייעוץ זוגי הרב קוואס,2026-09-18T14:20:00Z,he,il,AUTOCOMPLETE,HIGH,Observed via Google Autocomplete (SUFFIX_ה)
SIG-0042,ייעוץ זוגי לפי ההלכה,AUTOCOMPLETE,SEED-COUP-01,ייעוץ זוגי,ייעוץ זוגי לפי ההלכה,ייעוץ זוגי לפי ההלכה,2026-09-18T14:20:00Z,he,il,AUTOCOMPLETE,HIGH,Observed via Google Autocomplete (SUFFIX_ה)
SIG-0043,לימודי ייעוץ זוגי האוניברסיטה הפתוחה,AUTOCOMPLETE,SEED-COUP-01,ייעוץ זוגי,לימודי ייעוץ זוגי האוניברסיטה הפתוחה,לימודי ייעוץ זוגי האוניברסיטה הפתוחה,2026-09-18T14:20:00Z,he,il,AUTOCOMPLETE,HIGH,Observed via Google Autocomplete (SUFFIX_ה)
SIG-0044,ייעוץ זוגי לחרדים,AUTOCOMPLETE,SEED-COUP-01,ייעוץ זוגי,ייעוץ זוגי לחרדים,ייעוץ זוגי לחרדים,2026-09-18T14:20:00Z,he,il,AUTOCOMPLETE,HIGH,Observed via Google Autocomplete (SUFFIX_ל)
SIG-0045,ייעוץ זוגי לדתיים,AUTOCOMPLETE,SEED-COUP-01,ייעוץ זוגי,ייעוץ זוגי לדתיים,ייעוץ זוגי לדתיים,2026-09-18T14:20:00Z,he,il,AUTOCOMPLETE,HIGH,Observed via Google Autocomplete (SUFFIX_ל)
SIG-0046,ייעוץ זוגי לפני חתונה,AUTOCOMPLETE,SEED-COUP-01,ייעוץ זוגי,ייעוץ זוגי לפני חתונה,ייעוץ זוגי לפני חתונה,2026-09-18T14:20:00Z,he,il,AUTOCOMPLETE,HIGH,Observed via Google Autocomplete (SUFFIX_ל)
SIG-0047,ייעוץ זוגי לפני גירושין,AUTOCOMPLETE,SEED-COUP-01,ייעוץ זוגי,ייעוץ זוגי לפני גירושין,ייעוץ זוגי לפני גירושין,2026-09-18T14:20:00Z,he,il,AUTOCOMPLETE,HIGH,Observed via Google Autocomplete (SUFFIX_ל)
SIG-0048,ייעוץ זוגי לפרק ב,AUTOCOMPLETE,SEED-COUP-01,ייעוץ זוגי,ייעוץ זוגי לפרק ב,ייעוץ זוגי לפרק ב,2026-09-18T14:20:00Z,he,il,AUTOCOMPLETE,HIGH,Observed via Google Autocomplete (SUFFIX_ל)
SIG-0049,ייעוץ זוגי למילואימניקים,AUTOCOMPLETE,SEED-COUP-01,ייעוץ זוגי,ייעוץ זוגי למילואימניקים,ייעוץ זוגי למילואימניקים,2026-09-18T14:20:00Z,he,il,AUTOCOMPLETE,HIGH,Observed via Google Autocomplete (SUFFIX_ל)
SIG-0050,ייעוץ זוגי לזוגות מעורבים,AUTOCOMPLETE,SEED-COUP-01,ייעוץ זוגי,ייעוץ זוגי לזוגות מעורבים,ייעוץ זוגי לזוגות מעורבים,2026-09-18T14:20:00Z,he,il,AUTOCOMPLETE,HIGH,Observed via Google Autocomplete (SUFFIX_ל)
SIG-0051,ייעוץ זוגי לאומית,AUTOCOMPLETE,SEED-COUP-01,ייעוץ זוגי,ייעוץ זוגי לאומית,ייעוץ זוגי לאומית,2026-09-18T14:20:00Z,he,il,AUTOCOMPLETE,HIGH,Observed via Google Autocomplete (SUFFIX_ל)
SIG-0052,ייעוץ זוגי מילואים,AUTOCOMPLETE,SEED-COUP-01,ייעוץ זוגי,ייעוץ זוגי מילואים,ייעוץ זוגי מילואים,2026-09-18T14:20:00Z,he,il,AUTOCOMPLETE,HIGH,Observed via Google Autocomplete (SUFFIX_מ)
SIG-0053,ייעוץ זוגי מסובסד,AUTOCOMPLETE,SEED-COUP-01,ייעוץ זוגי,ייעוץ זוגי מסובסד,ייעוץ זוגי מסובסד,2026-09-18T14:20:00Z,he,il,AUTOCOMPLETE,HIGH,Observed via Google Autocomplete (SUFFIX_מ)
SIG-0054,ייעוץ זוגי מחיר,AUTOCOMPLETE,SEED-COUP-01,ייעוץ זוגי,ייעוץ זוגי מחיר,ייעוץ זוגי מחיר,2026-09-18T14:20:00Z,he,il,AUTOCOMPLETE,HIGH,Observed via Google Autocomplete (SUFFIX_מ)
SIG-0055,ייעוץ זוגי מודיעין,AUTOCOMPLETE,SEED-COUP-01,ייעוץ זוגי,ייעוץ זוגי מודיעין,ייעוץ זוגי מודיעין,2026-09-18T14:20:00Z,he,il,AUTOCOMPLETE,HIGH,Observed via Google Autocomplete (SUFFIX_מ)
SIG-0056,ייעוץ זוגי מאוחדת,AUTOCOMPLETE,SEED-COUP-01,ייעוץ זוגי,ייעוץ זוגי מאוחדת,ייעוץ זוגי מאוחדת,2026-09-18T14:20:00Z,he,il,AUTOCOMPLETE,HIGH,Observed via Google Autocomplete (SUFFIX_מ)
SIG-0057,ייעוץ זוגי מכללת יוזמות,AUTOCOMPLETE,SEED-COUP-01,ייעוץ זוגי,ייעוץ זוגי מכללת יוזמות,ייעוץ זוגי מכללת יוזמות,2026-09-18T14:20:00Z,he,il,AUTOCOMPLETE,HIGH,Observed via Google Autocomplete (SUFFIX_מ)
SIG-0058,ייעוץ זוגי מעלה אדומים,AUTOCOMPLETE,SEED-COUP-01,ייעוץ זוגי,ייעוץ זוגי מעלה אדומים,ייעוץ זוגי מעלה אדומים,2026-09-18T14:20:00Z,he,il,AUTOCOMPLETE,HIGH,Observed via Google Autocomplete (SUFFIX_מ)
SIG-0059,ייעוץ זוגי מומלץ בבאר שבע,AUTOCOMPLETE,SEED-COUP-01,ייעוץ זוגי,ייעוץ זוגי מומלץ בבאר שבע,ייעוץ זוגי מומלץ בבאר שבע,2026-09-18T14:20:00Z,he,il,AUTOCOMPLETE,HIGH,Observed via Google Autocomplete (SUFFIX_מ)
SIG-0060,ייעוץ זוגי נהריה,AUTOCOMPLETE,SEED-COUP-01,ייעוץ זוגי,ייעוץ זוגי נהריה,ייעוץ זוגי נהריה,2026-09-18T14:20:00Z,he,il,AUTOCOMPLETE,HIGH,Observed via Google Autocomplete (SUFFIX_נ)
SIG-0061,ייעוץ זוגי נס ציונה,AUTOCOMPLETE,SEED-COUP-01,ייעוץ זוגי,ייעוץ זוגי נס ציונה,ייעוץ זוגי נס ציונה,2026-09-18T14:20:00Z,he,il,AUTOCOMPLETE,HIGH,Observed via Google Autocomplete (SUFFIX_נ)
SIG-0062,ייעוץ זוגי נתיבות,AUTOCOMPLETE,SEED-COUP-01,ייעוץ זוגי,ייעוץ זוגי נתיבות,ייעוץ זוגי נתיבות,2026-09-18T14:20:00Z,he,il,AUTOCOMPLETE,HIGH,Observed via Google Autocomplete (SUFFIX_נ)
SIG-0063,ייעוץ זוגי נצרת,AUTOCOMPLETE,SEED-COUP-01,ייעוץ זוגי,ייעוץ זוגי נצרת,ייעוץ זוגי נצרת,2026-09-18T14:20:00Z,he,il,AUTOCOMPLETE,HIGH,Observed via Google Autocomplete (SUFFIX_נ)
SIG-0064,ייעוץ זוגי לפני נישואין,AUTOCOMPLETE,SEED-COUP-01,ייעוץ זוגי,ייעוץ זוגי לפני נישואין,ייעוץ זוגי לפני נישואין,2026-09-18T14:20:00Z,he,il,AUTOCOMPLETE,HIGH,Observed via Google Autocomplete (SUFFIX_נ)
SIG-0065,נמש ייעוץ זוגי,AUTOCOMPLETE,SEED-COUP-01,ייעוץ זוגי,נמש ייעוץ זוגי,נמש ייעוץ זוגי,2026-09-18T14:20:00Z,he,il,AUTOCOMPLETE,HIGH,Observed via Google Autocomplete (SUFFIX_נ)
SIG-0066,נעמת.ייעוץ זוגי,AUTOCOMPLETE,SEED-COUP-01,ייעוץ זוגי,נעמת.ייעוץ זוגי,נעמת.ייעוץ זוגי,2026-09-18T14:20:00Z,he,il,AUTOCOMPLETE,HIGH,Observed via Google Autocomplete (SUFFIX_נ)
SIG-0067,ייעוץ זוגי עפולה,AUTOCOMPLETE,SEED-COUP-01,ייעוץ זוגי,ייעוץ זוגי עפולה,ייעוץ זוגי עפולה,2026-09-18T14:20:00Z,he,il,AUTOCOMPLETE,HIGH,Observed via Google Autocomplete (SUFFIX_ע)
SIG-0068,ייעוץ זוגי עלות,AUTOCOMPLETE,SEED-COUP-01,ייעוץ זוגי,ייעוץ זוגי עלות,ייעוץ זוגי עלות,2026-09-18T14:20:00Z,he,il,AUTOCOMPLETE,HIGH,Observed via Google Autocomplete (SUFFIX_ע)
SIG-0069,ייעוץ זוגי עיריית תל אביב,AUTOCOMPLETE,SEED-COUP-01,ייעוץ זוגי,ייעוץ זוגי עיריית תל אביב,ייעוץ זוגי עיריית תל אביב,2026-09-18T14:20:00Z,he,il,AUTOCOMPLETE,HIGH,Observed via Google Autocomplete (SUFFIX_ע)
SIG-0070,ייעוץ זוגי ללא עלות,AUTOCOMPLETE,SEED-COUP-01,ייעוץ זוגי,ייעוץ זוגי ללא עלות,ייעוץ זוגי ללא עלות,2026-09-18T14:20:00Z,he,il,AUTOCOMPLETE,HIGH,Observed via Google Autocomplete (SUFFIX_ע)
SIG-0071,ייעוץ זוגי קורס,AUTOCOMPLETE,SEED-COUP-01,ייעוץ זוגי,ייעוץ זוגי קורס,ייעוץ זוגי קורס,2026-09-18T14:20:00Z,he,il,AUTOCOMPLETE,HIGH,Observed via Google Autocomplete (SUFFIX_ק)
SIG-0072,ייעוץ זוגי קרית גת,AUTOCOMPLETE,SEED-COUP-01,ייעוץ זוגי,ייעוץ זוגי קרית גת,ייעוץ זוגי קרית גת,2026-09-18T14:20:00Z,he,il,AUTOCOMPLETE,HIGH,Observed via Google Autocomplete (SUFFIX_ק)
SIG-0073,ייעוץ זוגי קרית אונו,AUTOCOMPLETE,SEED-COUP-01,ייעוץ זוגי,ייעוץ זוגי קרית אונו,ייעוץ זוגי קרית אונו,2026-09-18T14:20:00Z,he,il,AUTOCOMPLETE,HIGH,Observed via Google Autocomplete (SUFFIX_ק)
SIG-0074,ייעוץ זוגי קופת חולים כללית,AUTOCOMPLETE,SEED-COUP-01,ייעוץ זוגי,ייעוץ זוגי קופת חולים כללית,ייעוץ זוגי קופת חולים כללית,2026-09-18T14:20:00Z,he,il,AUTOCOMPLETE,HIGH,Observed via Google Autocomplete (SUFFIX_ק)
SIG-0075,ייעוץ זוגי. קופת חולים,AUTOCOMPLETE,SEED-COUP-01,ייעוץ זוגי,ייעוץ זוגי. קופת חולים,ייעוץ זוגי. קופת חולים,2026-09-18T14:20:00Z,he,il,AUTOCOMPLETE,HIGH,Observed via Google Autocomplete (SUFFIX_ק)
SIG-0076,קורס ייעוץ זוגי אונליין,AUTOCOMPLETE,SEED-COUP-01,ייעוץ זוגי,קורס ייעוץ זוגי אונליין,קורס ייעוץ זוגי אונליין,2026-09-18T14:20:00Z,he,il,AUTOCOMPLETE,HIGH,Observed via Google Autocomplete (SUFFIX_ק)
SIG-0077,קורס ייעוץ זוגי מחיר,AUTOCOMPLETE,SEED-COUP-01,ייעוץ זוגי,קורס ייעוץ זוגי מחיר,קורס ייעוץ זוגי מחיר,2026-09-18T14:20:00Z,he,il,AUTOCOMPLETE,HIGH,Observed via Google Autocomplete (SUFFIX_ק)
SIG-0078,לימודי ייעוץ זוגי תנאי קבלה,AUTOCOMPLETE,SEED-COUP-01,ייעוץ זוגי,לימודי ייעוץ זוגי תנאי קבלה,לימודי ייעוץ זוגי תנאי קבלה,2026-09-18T14:20:00Z,he,il,AUTOCOMPLETE,HIGH,Observed via Google Autocomplete (SUFFIX_ק)
SIG-0079,ייעוץ זוגי רבני,AUTOCOMPLETE,SEED-COUP-01,ייעוץ זוגי,ייעוץ זוגי רבני,ייעוץ זוגי רבני,2026-09-18T14:20:00Z,he,il,AUTOCOMPLETE,HIGH,Observed via Google Autocomplete (SUFFIX_ר)
SIG-0080,ייעוץ זוגי רופין,AUTOCOMPLETE,SEED-COUP-01,ייעוץ זוגי,ייעוץ זוגי רופין,ייעוץ זוגי רופין,2026-09-18T14:20:00Z,he,il,AUTOCOMPLETE,HIGH,Observed via Google Autocomplete (SUFFIX_ר)
SIG-0081,ייעוץ זוגי ראשון לציון,AUTOCOMPLETE,SEED-COUP-01,ייעוץ זוגי,ייעוץ זוגי ראשון לציון,ייעוץ זוגי ראשון לציון,2026-09-18T14:20:00Z,he,il,AUTOCOMPLETE,HIGH,Observed via Google Autocomplete (SUFFIX_ר)
SIG-0082,ייעוץ זוגי ברחובות,AUTOCOMPLETE,SEED-COUP-01,ייעוץ זוגי,ייעוץ זוגי ברחובות,ייעוץ זוגי ברחובות,2026-09-18T14:20:00Z,he,il,AUTOCOMPLETE,HIGH,Observed via Google Autocomplete (SUFFIX_ר)
SIG-0083,ייעוץ זוגי רמת גן,AUTOCOMPLETE,SEED-COUP-01,ייעוץ זוגי,ייעוץ זוגי רמת גן,ייעוץ זוגי רמת גן,2026-09-18T14:20:00Z,he,il,AUTOCOMPLETE,HIGH,Observed via Google Autocomplete (SUFFIX_ר)
SIG-0084,ייעוץ זוגי ראש העין,AUTOCOMPLETE,SEED-COUP-01,ייעוץ זוגי,ייעוץ זוגי ראש העין,ייעוץ זוגי ראש העין,2026-09-18T14:20:00Z,he,il,AUTOCOMPLETE,HIGH,Observed via Google Autocomplete (SUFFIX_ר)
SIG-0085,ייעוץ זוגי רעננה,AUTOCOMPLETE,SEED-COUP-01,ייעוץ זוגי,ייעוץ זוגי רעננה,ייעוץ זוגי רעננה,2026-09-18T14:20:00Z,he,il,AUTOCOMPLETE,HIGH,Observed via Google Autocomplete (SUFFIX_ר)
SIG-0086,ייעוץ זוגי רמת השרון,AUTOCOMPLETE,SEED-COUP-01,ייעוץ זוגי,ייעוץ זוגי רמת השרון,ייעוץ זוגי רמת השרון,2026-09-18T14:20:00Z,he,il,AUTOCOMPLETE,HIGH,Observed via Google Autocomplete (SUFFIX_ר)
SIG-0087,ייעוץ זוגי שדרות,AUTOCOMPLETE,SEED-COUP-01,ייעוץ זוגי,ייעוץ זוגי שדרות,ייעוץ זוגי שדרות,2026-09-18T14:20:00Z,he,il,AUTOCOMPLETE,HIGH,Observed via Google Autocomplete (SUFFIX_ש)
SIG-0088,ייעוץ זוגי שכר,AUTOCOMPLETE,SEED-COUP-01,ייעוץ זוגי,ייעוץ זוגי שכר,ייעוץ זוגי שכר,2026-09-18T14:20:00Z,he,il,AUTOCOMPLETE,HIGH,Observed via Google Autocomplete (SUFFIX_ש)
SIG-0089,ייעוץ זוגי שוהם,AUTOCOMPLETE,SEED-COUP-01,ייעוץ זוגי,ייעוץ זוגי שוהם,ייעוץ זוגי שוהם,2026-09-18T14:20:00Z,he,il,AUTOCOMPLETE,HIGH,Observed via Google Autocomplete (SUFFIX_ש)
SIG-0090,ייעוץ זוגי בית שמש,AUTOCOMPLETE,SEED-COUP-01,ייעוץ זוגי,ייעוץ זוגי בית שמש,ייעוץ זוגי בית שמש,2026-09-18T14:20:00Z,he,il,AUTOCOMPLETE,HIGH,Observed via Google Autocomplete (SUFFIX_ש)
SIG-0091,ייעוץ זוגי גבעת שמואל,AUTOCOMPLETE,SEED-COUP-01,ייעוץ זוגי,ייעוץ זוגי גבעת שמואל,ייעוץ זוגי גבעת שמואל,2026-09-18T14:20:00Z,he,il,AUTOCOMPLETE,HIGH,Observed via Google Autocomplete (SUFFIX_ש)
SIG-0092,נועה איבגי ייעוץ זוגי שווים,AUTOCOMPLETE,SEED-COUP-01,ייעוץ זוגי,נועה איבגי ייעוץ זוגי שווים,נועה איבגי ייעוץ זוגי שווים,2026-09-18T14:20:00Z,he,il,AUTOCOMPLETE,HIGH,Observed via Google Autocomplete (SUFFIX_ש)
SIG-0093,שווים ייעוץ זוגי,AUTOCOMPLETE,SEED-COUP-01,ייעוץ זוגי,שווים ייעוץ זוגי,שווים ייעוץ זוגי,2026-09-18T14:20:00Z,he,il,AUTOCOMPLETE,HIGH,Observed via Google Autocomplete (SUFFIX_ש)
SIG-0094,ייעוץ זוגי תל אביב,AUTOCOMPLETE,SEED-COUP-01,ייעוץ זוגי,ייעוץ זוגי תל אביב,ייעוץ זוגי תל אביב,2026-09-18T14:20:00Z,he,il,AUTOCOMPLETE,HIGH,Observed via Google Autocomplete (SUFFIX_ת)
SIG-0095,ייעוץ זוגי תורני,AUTOCOMPLETE,SEED-COUP-01,ייעוץ זוגי,ייעוץ זוגי תורני,ייעוץ זוגי תורני,2026-09-18T14:20:00Z,he,il,AUTOCOMPLETE,HIGH,Observed via Google Autocomplete (SUFFIX_ת)
SIG-0096,ייעוץ זוגי לימודי תעודה,AUTOCOMPLETE,SEED-COUP-01,ייעוץ זוגי,ייעוץ זוגי לימודי תעודה,ייעוץ זוגי לימודי תעודה,2026-09-18T14:20:00Z,he,il,AUTOCOMPLETE,HIGH,Observed via Google Autocomplete (SUFFIX_ת)
SIG-0097,ייעוץ זוגי אוניברסיטת תל אביב,AUTOCOMPLETE,SEED-COUP-01,ייעוץ זוגי,ייעוץ זוגי אוניברסיטת תל אביב,ייעוץ זוגי אוניברסיטת תל אביב,2026-09-18T14:20:00Z,he,il,AUTOCOMPLETE,HIGH,Observed via Google Autocomplete (SUFFIX_ת)
SIG-0098,לימודי ייעוץ זוגי אוניברסיטת תל אביב,AUTOCOMPLETE,SEED-COUP-01,ייעוץ זוגי,לימודי ייעוץ זוגי אוניברסיטת תל אביב,לימודי ייעוץ זוגי אוניברסיטת תל אביב,2026-09-18T14:20:00Z,he,il,AUTOCOMPLETE,HIGH,Observed via Google Autocomplete (SUFFIX_ת)
SIG-0099,יועצת זוגית אשדוד,AUTOCOMPLETE,SEED-COUP-03,יועצת זוגית אשדוד,יועצת זוגית אשדוד,יועצת זוגית אשדוד,2026-09-18T14:20:00Z,he,il,AUTOCOMPLETE,HIGH,Observed via Google Autocomplete (BASE)
SIG-0100,תקשורת זוגית,AUTOCOMPLETE,SEED-COUP-04,תקשורת זוגית,תקשורת זוגית,תקשורת זוגית,2026-09-18T14:20:00Z,he,il,AUTOCOMPLETE,HIGH,Observed via Google Autocomplete (BASE)
SIG-0101,תקשורת זוגית מקרבת,AUTOCOMPLETE,SEED-COUP-04,תקשורת זוגית,תקשורת זוגית מקרבת,תקשורת זוגית מקרבת,2026-09-18T14:20:00Z,he,il,AUTOCOMPLETE,HIGH,Observed via Google Autocomplete (BASE)
SIG-0102,תקשורת זוגית ספר,AUTOCOMPLETE,SEED-COUP-04,תקשורת זוגית,תקשורת זוגית ספר,תקשורת זוגית ספר,2026-09-18T14:20:00Z,he,il,AUTOCOMPLETE,HIGH,Observed via Google Autocomplete (BASE)
SIG-0103,תקשורת זוגית ד ר פאול קולמן,AUTOCOMPLETE,SEED-COUP-04,תקשורת זוגית,תקשורת זוגית ד ר פאול קולמן,תקשורת זוגית ד ר פאול קולמן,2026-09-18T14:20:00Z,he,il,AUTOCOMPLETE,HIGH,Observed via Google Autocomplete (BASE)
SIG-0104,סדנת תקשורת זוגית,AUTOCOMPLETE,SEED-COUP-04,תקשורת זוגית,סדנת תקשורת זוגית,סדנת תקשורת זוגית,2026-09-18T14:20:00Z,he,il,AUTOCOMPLETE,HIGH,Observed via Google Autocomplete (BASE)
SIG-0105,קורס תקשורת זוגית,AUTOCOMPLETE,SEED-COUP-04,תקשורת זוגית,קורס תקשורת זוגית,קורס תקשורת זוגית,2026-09-18T14:20:00Z,he,il,AUTOCOMPLETE,HIGH,Observed via Google Autocomplete (BASE)
SIG-0106,שיפור תקשורת זוגית,AUTOCOMPLETE,SEED-COUP-04,תקשורת זוגית,שיפור תקשורת זוגית,שיפור תקשורת זוגית,2026-09-18T14:20:00Z,he,il,AUTOCOMPLETE,HIGH,Observed via Google Autocomplete (BASE)
SIG-0107,משחקי תקשורת זוגית,AUTOCOMPLETE,SEED-COUP-04,תקשורת זוגית,משחקי תקשורת זוגית,משחקי תקשורת זוגית,2026-09-18T14:20:00Z,he,il,AUTOCOMPLETE,HIGH,Observed via Google Autocomplete (BASE)
SIG-0108,תקשורת בין זוגית,AUTOCOMPLETE,SEED-COUP-04,תקשורת זוגית,תקשורת בין זוגית,תקשורת בין זוגית,2026-09-18T14:20:00Z,he,il,AUTOCOMPLETE,HIGH,Observed via Google Autocomplete (BASE)
SIG-0109,תרגילים לשיפור תקשורת זוגית,AUTOCOMPLETE,SEED-COUP-04,תקשורת זוגית,תרגילים לשיפור תקשורת זוגית,תרגילים לשיפור תקשורת זוגית,2026-09-18T14:20:00Z,he,il,AUTOCOMPLETE,HIGH,Observed via Google Autocomplete (BASE)
SIG-0110,סדנה זוגית תקשורת מקרבת,AUTOCOMPLETE,SEED-COUP-04,תקשורת זוגית,סדנה זוגית תקשורת מקרבת,סדנה זוגית תקשורת מקרבת,2026-09-18T14:20:00Z,he,il,AUTOCOMPLETE,HIGH,Observed via Google Autocomplete (SUFFIX_מ)
SIG-0111,ריבים בזוגיות,AUTOCOMPLETE,SEED-COUP-05,ריבים בזוגיות,ריבים בזוגיות,ריבים בזוגיות,2026-09-18T14:20:00Z,he,il,AUTOCOMPLETE,HIGH,Observed via Google Autocomplete (BASE)
SIG-0112,ריבים בזוגיות אחרי לידה,AUTOCOMPLETE,SEED-COUP-05,ריבים בזוגיות,ריבים בזוגיות אחרי לידה,ריבים בזוגיות אחרי לידה,2026-09-18T14:20:00Z,he,il,AUTOCOMPLETE,HIGH,Observed via Google Autocomplete (BASE)
SIG-0113,ריבים קשים בזוגיות,AUTOCOMPLETE,SEED-COUP-05,ריבים בזוגיות,ריבים קשים בזוגיות,ריבים קשים בזוגיות,2026-09-18T14:20:00Z,he,il,AUTOCOMPLETE,HIGH,Observed via Google Autocomplete (BASE)
SIG-0114,הרבה ריבים בזוגיות,AUTOCOMPLETE,SEED-COUP-05,ריבים בזוגיות,הרבה ריבים בזוגיות,הרבה ריבים בזוגיות,2026-09-18T14:20:00Z,he,il,AUTOCOMPLETE,HIGH,Observed via Google Autocomplete (BASE)
SIG-0115,הרבה ריבים בזוגיות אפשר לתקן סטיפס,AUTOCOMPLETE,SEED-COUP-05,ריבים בזוגיות,הרבה ריבים בזוגיות אפשר לתקן סטיפס,הרבה ריבים בזוגיות אפשר לתקן סטיפס,2026-09-18T14:20:00Z,he,il,AUTOCOMPLETE,HIGH,Observed via Google Autocomplete (BASE)
SIG-0116,ריבים בלתי פוסקים בזוגיות,AUTOCOMPLETE,SEED-COUP-05,ריבים בזוגיות,ריבים בלתי פוסקים בזוגיות,ריבים בלתי פוסקים בזוגיות,2026-09-18T14:20:00Z,he,il,AUTOCOMPLETE,HIGH,Observed via Google Autocomplete (BASE)
SIG-0117,איך להתגבר על ריבים בזוגיות,AUTOCOMPLETE,SEED-COUP-05,ריבים בזוגיות,איך להתגבר על ריבים בזוגיות,איך להתגבר על ריבים בזוגיות,2026-09-18T14:20:00Z,he,il,AUTOCOMPLETE,HIGH,Observed via Google Autocomplete (PREFIX_איך)
SIG-0118,פגישה ראשונה,AUTOCOMPLETE,SEED-DATE-01,פגישה ראשונה,פגישה ראשונה,פגישה ראשונה,2026-09-18T14:20:00Z,he,il,AUTOCOMPLETE,HIGH,Observed via Google Autocomplete (BASE)
SIG-0119,פגישה ראשונה אילנה אביטל,AUTOCOMPLETE,SEED-DATE-01,פגישה ראשונה,פגישה ראשונה אילנה אביטל,פגישה ראשונה אילנה אביטל,2026-09-18T14:20:00Z,he,il,AUTOCOMPLETE,HIGH,Observed via Google Autocomplete (BASE)
SIG-0120,פגישה ראשונה אלי עמיר,AUTOCOMPLETE,SEED-DATE-01,פגישה ראשונה,פגישה ראשונה אלי עמיר,פגישה ראשונה אלי עמיר,2026-09-18T14:20:00Z,he,il,AUTOCOMPLETE,HIGH,Observed via Google Autocomplete (BASE)
SIG-0121,פגישה ראשונה עם גדולי האמנים בעולם,AUTOCOMPLETE,SEED-DATE-01,פגישה ראשונה,פגישה ראשונה עם גדולי האמנים בעולם,פגישה ראשונה עם גדולי האמנים בעולם,2026-09-18T14:20:00Z,he,il,AUTOCOMPLETE,HIGH,Observed via Google Autocomplete (BASE)
SIG-0122,פגישה ראשונה פרוג,AUTOCOMPLETE,SEED-DATE-01,פגישה ראשונה,פגישה ראשונה פרוג,פגישה ראשונה פרוג,2026-09-18T14:20:00Z,he,il,AUTOCOMPLETE,HIGH,Observed via Google Autocomplete (BASE)
SIG-0123,פגישה ראשונה שיר,AUTOCOMPLETE,SEED-DATE-01,פגישה ראשונה,פגישה ראשונה שיר,פגישה ראשונה שיר,2026-09-18T14:20:00Z,he,il,AUTOCOMPLETE,HIGH,Observed via Google Autocomplete (BASE)
SIG-0124,פגישה ראשונה עם ההורים שלה,AUTOCOMPLETE,SEED-DATE-01,פגישה ראשונה,פגישה ראשונה עם ההורים שלה,פגישה ראשונה עם ההורים שלה,2026-09-18T14:20:00Z,he,il,AUTOCOMPLETE,HIGH,Observed via Google Autocomplete (BASE)
SIG-0125,פגישה ראשונה עם בחורה,AUTOCOMPLETE,SEED-DATE-01,פגישה ראשונה,פגישה ראשונה עם בחורה,פגישה ראשונה עם בחורה,2026-09-18T14:20:00Z,he,il,AUTOCOMPLETE,HIGH,Observed via Google Autocomplete (BASE)
SIG-0126,פגישה ראשונה חרדים,AUTOCOMPLETE,SEED-DATE-01,פגישה ראשונה,פגישה ראשונה חרדים,פגישה ראשונה חרדים,2026-09-18T14:20:00Z,he,il,AUTOCOMPLETE,HIGH,Observed via Google Autocomplete (BASE)
SIG-0127,פגישה ראשונה שידוכים,AUTOCOMPLETE,SEED-DATE-01,פגישה ראשונה,פגישה ראשונה שידוכים,פגישה ראשונה שידוכים,2026-09-18T14:20:00Z,he,il,AUTOCOMPLETE,HIGH,Observed via Google Autocomplete (BASE)
SIG-0128,פגישה ראשונה אקורדים,AUTOCOMPLETE,SEED-DATE-01,פגישה ראשונה,פגישה ראשונה אקורדים,פגישה ראשונה אקורדים,2026-09-18T14:20:00Z,he,il,AUTOCOMPLETE,HIGH,Observed via Google Autocomplete (SUFFIX_א)
SIG-0129,פגישה ראשונה אצל פסיכיאטר,AUTOCOMPLETE,SEED-DATE-01,פגישה ראשונה,פגישה ראשונה אצל פסיכיאטר,פגישה ראשונה אצל פסיכיאטר,2026-09-18T14:20:00Z,he,il,AUTOCOMPLETE,HIGH,Observed via Google Autocomplete (SUFFIX_א)
SIG-0130,פגישה ראשונה אוגדן,AUTOCOMPLETE,SEED-DATE-01,פגישה ראשונה,פגישה ראשונה אוגדן,פגישה ראשונה אוגדן,2026-09-18T14:20:00Z,he,il,AUTOCOMPLETE,HIGH,Observed via Google Autocomplete (SUFFIX_א)
SIG-0131,פגישה ראשונה אצל פסיכולוג,AUTOCOMPLETE,SEED-DATE-01,פגישה ראשונה,פגישה ראשונה אצל פסיכולוג,פגישה ראשונה אצל פסיכולוג,2026-09-18T14:20:00Z,he,il,AUTOCOMPLETE,HIGH,Observed via Google Autocomplete (SUFFIX_א)
SIG-0132,פגישה אנליטית ראשונה,AUTOCOMPLETE,SEED-DATE-01,פגישה ראשונה,פגישה אנליטית ראשונה,פגישה אנליטית ראשונה,2026-09-18T14:20:00Z,he,il,AUTOCOMPLETE,HIGH,Observed via Google Autocomplete (SUFFIX_א)
SIG-0133,אוגדן פגישה אנליטית ראשונה,AUTOCOMPLETE,SEED-DATE-01,פגישה ראשונה,אוגדן פגישה אנליטית ראשונה,אוגדן פגישה אנליטית ראשונה,2026-09-18T14:20:00Z,he,il,AUTOCOMPLETE,HIGH,Observed via Google Autocomplete (SUFFIX_א)
SIG-0134,פגישה ראשונה בשידוכים,AUTOCOMPLETE,SEED-DATE-01,פגישה ראשונה,פגישה ראשונה בשידוכים,פגישה ראשונה בשידוכים,2026-09-18T14:20:00Z,he,il,AUTOCOMPLETE,HIGH,Observed via Google Autocomplete (SUFFIX_ב)
SIG-0135,פגישה ראשונה בטיפת חלב,AUTOCOMPLETE,SEED-DATE-01,פגישה ראשונה,פגישה ראשונה בטיפת חלב,פגישה ראשונה בטיפת חלב,2026-09-18T14:20:00Z,he,il,AUTOCOMPLETE,HIGH,Observed via Google Autocomplete (SUFFIX_ב)
SIG-0136,פגישה ראשונה בטיפול,AUTOCOMPLETE,SEED-DATE-01,פגישה ראשונה,פגישה ראשונה בטיפול,פגישה ראשונה בטיפול,2026-09-18T14:20:00Z,he,il,AUTOCOMPLETE,HIGH,Observed via Google Autocomplete (SUFFIX_ב)
SIG-0137,פגישה ראשונה בלשכת התעסוקה,AUTOCOMPLETE,SEED-DATE-01,פגישה ראשונה,פגישה ראשונה בלשכת התעסוקה,פגישה ראשונה בלשכת התעסוקה,2026-09-18T14:20:00Z,he,il,AUTOCOMPLETE,HIGH,Observed via Google Autocomplete (SUFFIX_ב)
SIG-0138,פגישה ראשונה עם בחור,AUTOCOMPLETE,SEED-DATE-01,פגישה ראשונה,פגישה ראשונה עם בחור,פגישה ראשונה עם בחור,2026-09-18T14:20:00Z,he,il,AUTOCOMPLETE,HIGH,Observed via Google Autocomplete (SUFFIX_ב)
SIG-0139,פגישה ראשונה ילדים פרק ב,AUTOCOMPLETE,SEED-DATE-01,פגישה ראשונה,פגישה ראשונה ילדים פרק ב,פגישה ראשונה ילדים פרק ב,2026-09-18T14:20:00Z,he,il,AUTOCOMPLETE,HIGH,Observed via Google Autocomplete (SUFFIX_ב)
SIG-0140,פגישה ראשונה כנקודת ציון קריטית ביחסי מטפל מטופל,AUTOCOMPLETE,SEED-DATE-01,פגישה ראשונה,פגישה ראשונה כנקודת ציון קריטית ביחסי מטפל מטופל,פגישה ראשונה כנקודת ציון קריטית ביחסי מטפל מטופל,2026-09-18T14:20:00Z,he,il,AUTOCOMPLETE,HIGH,Observed via Google Autocomplete (SUFFIX_ב)
SIG-0141,פגישה ראשונה עם ההורים שלו,AUTOCOMPLETE,SEED-DATE-01,פגישה ראשונה,פגישה ראשונה עם ההורים שלו,פגישה ראשונה עם ההורים שלו,2026-09-18T14:20:00Z,he,il,AUTOCOMPLETE,HIGH,Observed via Google Autocomplete (SUFFIX_ה)
SIG-0142,פגישה ראשונה מילים,AUTOCOMPLETE,SEED-DATE-01,פגישה ראשונה,פגישה ראשונה מילים,פגישה ראשונה מילים,2026-09-18T14:20:00Z,he,il,AUTOCOMPLETE,HIGH,Observed via Google Autocomplete (SUFFIX_מ)
SIG-0143,פגישה ראשונה עם מטופל,AUTOCOMPLETE,SEED-DATE-01,פגישה ראשונה,פגישה ראשונה עם מטופל,פגישה ראשונה עם מטופל,2026-09-18T14:20:00Z,he,il,AUTOCOMPLETE,HIGH,Observed via Google Autocomplete (SUFFIX_מ)
SIG-0144,פגישה ראשונה עם פסיכולוג,AUTOCOMPLETE,SEED-DATE-01,פגישה ראשונה,פגישה ראשונה עם פסיכולוג,פגישה ראשונה עם פסיכולוג,2026-09-18T14:20:00Z,he,il,AUTOCOMPLETE,HIGH,Observed via Google Autocomplete (SUFFIX_ע)
SIG-0145,פגישה ראשונה עם קבן,AUTOCOMPLETE,SEED-DATE-01,פגישה ראשונה,פגישה ראשונה עם קבן,פגישה ראשונה עם קבן,2026-09-18T14:20:00Z,he,il,AUTOCOMPLETE,HIGH,Observed via Google Autocomplete (SUFFIX_ע)
SIG-0146,פגישה ראשונה עם פסיכיאטר,AUTOCOMPLETE,SEED-DATE-01,פגישה ראשונה,פגישה ראשונה עם פסיכיאטר,פגישה ראשונה עם פסיכיאטר,2026-09-18T14:20:00Z,he,il,AUTOCOMPLETE,HIGH,Observed via Google Autocomplete (SUFFIX_ע)
SIG-0147,לא להראות התלהבות בתחילת קשר,AUTOCOMPLETE,SEED-DATE-02,לא להראות התלהבות בתחילת קשר,לא להראות התלהבות בתחילת קשר,לא להראות התלהבות בתחילת קשר,2026-09-18T14:20:00Z,he,il,AUTOCOMPLETE,HIGH,Observed via Google Autocomplete (BASE)
SIG-0148,תחילת קשר זוגי,AUTOCOMPLETE,SEED-DATE-03,תחילת קשר,תחילת קשר זוגי,תחילת קשר זוגי,2026-09-18T14:20:00Z,he,il,AUTOCOMPLETE,HIGH,Observed via Google Autocomplete (BASE)
SIG-0149,תחילת קשר,AUTOCOMPLETE,SEED-DATE-03,תחילת קשר,תחילת קשר,תחילת קשר,2026-09-18T14:20:00Z,he,il,AUTOCOMPLETE,HIGH,Observed via Google Autocomplete (BASE)
SIG-0150,טעויות של תחילת קשר,AUTOCOMPLETE,SEED-DATE-03,תחילת קשר,טעויות של תחילת קשר,טעויות של תחילת קשר,2026-09-18T14:20:00Z,he,il,AUTOCOMPLETE,HIGH,Observed via Google Autocomplete (BASE)
SIG-0151,הדרכת הורים,AUTOCOMPLETE,SEED-PAR-01,הדרכת הורים,הדרכת הורים,הדרכת הורים,2026-09-18T14:20:00Z,he,il,AUTOCOMPLETE,HIGH,Observed via Google Autocomplete (BASE)
SIG-0152,הדרכת הורים כללית,AUTOCOMPLETE,SEED-PAR-01,הדרכת הורים,הדרכת הורים כללית,הדרכת הורים כללית,2026-09-18T14:20:00Z,he,il,AUTOCOMPLETE,HIGH,Observed via Google Autocomplete (BASE)
SIG-0153,הדרכת הורים מכבי,AUTOCOMPLETE,SEED-PAR-01,הדרכת הורים,הדרכת הורים מכבי,הדרכת הורים מכבי,2026-09-18T14:20:00Z,he,il,AUTOCOMPLETE,HIGH,Observed via Google Autocomplete (BASE)
SIG-0154,הדרכת הורים אדלר,AUTOCOMPLETE,SEED-PAR-01,הדרכת הורים,הדרכת הורים אדלר,הדרכת הורים אדלר,2026-09-18T14:20:00Z,he,il,AUTOCOMPLETE,HIGH,Observed via Google Autocomplete (BASE)
SIG-0155,הדרכת הורים לימודים,AUTOCOMPLETE,SEED-PAR-01,הדרכת הורים,הדרכת הורים לימודים,הדרכת הורים לימודים,2026-09-18T14:20:00Z,he,il,AUTOCOMPLETE,HIGH,Observed via Google Autocomplete (BASE)
SIG-0156,הדרכת הורים לילדים על הרצף,AUTOCOMPLETE,SEED-PAR-01,הדרכת הורים,הדרכת הורים לילדים על הרצף,הדרכת הורים לילדים על הרצף,2026-09-18T14:20:00Z,he,il,AUTOCOMPLETE,HIGH,Observed via Google Autocomplete (BASE)
SIG-0157,הדרכת הורים באשקלון,AUTOCOMPLETE,SEED-PAR-01,הדרכת הורים,הדרכת הורים באשקלון,הדרכת הורים באשקלון,2026-09-18T14:20:00Z,he,il,AUTOCOMPLETE,HIGH,Observed via Google Autocomplete (BASE)
SIG-0158,הדרכת הורים כללית מושלם,AUTOCOMPLETE,SEED-PAR-01,הדרכת הורים,הדרכת הורים כללית מושלם,הדרכת הורים כללית מושלם,2026-09-18T14:20:00Z,he,il,AUTOCOMPLETE,HIGH,Observed via Google Autocomplete (BASE)
SIG-0159,הדרכת הורים באר שבע,AUTOCOMPLETE,SEED-PAR-01,הדרכת הורים,הדרכת הורים באר שבע,הדרכת הורים באר שבע,2026-09-18T14:20:00Z,he,il,AUTOCOMPLETE,HIGH,Observed via Google Autocomplete (BASE)
SIG-0160,הדרכת הורים בגישה ההיקשרותית,AUTOCOMPLETE,SEED-PAR-01,הדרכת הורים,הדרכת הורים בגישה ההיקשרותית,הדרכת הורים בגישה ההיקשרותית,2026-09-18T14:20:00Z,he,il,AUTOCOMPLETE,HIGH,Observed via Google Autocomplete (BASE)
SIG-0161,הדרכת הורים מכבי דרושים,AUTOCOMPLETE,SEED-PAR-01,הדרכת הורים,הדרכת הורים מכבי דרושים,הדרכת הורים מכבי דרושים,2026-09-18T14:20:00Z,he,il,AUTOCOMPLETE,HIGH,Observed via Google Autocomplete (TRAILING_SPACE)
SIG-0162,איך אומרים הדרכת הורים באנגלית,AUTOCOMPLETE,SEED-PAR-01,הדרכת הורים,איך אומרים הדרכת הורים באנגלית,איך אומרים הדרכת הורים באנגלית,2026-09-18T14:20:00Z,he,il,AUTOCOMPLETE,HIGH,Observed via Google Autocomplete (PREFIX_איך)
SIG-0163,איך לומדים הדרכת הורים,AUTOCOMPLETE,SEED-PAR-01,הדרכת הורים,איך לומדים הדרכת הורים,איך לומדים הדרכת הורים,2026-09-18T14:20:00Z,he,il,AUTOCOMPLETE,HIGH,Observed via Google Autocomplete (PREFIX_איך)
SIG-0164,איך אומרים הדרכת הורים ברוסית,AUTOCOMPLETE,SEED-PAR-01,הדרכת הורים,איך אומרים הדרכת הורים ברוסית,איך אומרים הדרכת הורים ברוסית,2026-09-18T14:20:00Z,he,il,AUTOCOMPLETE,HIGH,Observed via Google Autocomplete (PREFIX_איך)
SIG-0165,כמה עולה הדרכת הורים,AUTOCOMPLETE,SEED-PAR-01,הדרכת הורים,כמה עולה הדרכת הורים,כמה עולה הדרכת הורים,2026-09-18T14:20:00Z,he,il,AUTOCOMPLETE,HIGH,Observed via Google Autocomplete (PREFIX_כמה עולה)
SIG-0166,כמה עולה קורס הדרכת הורים,AUTOCOMPLETE,SEED-PAR-01,הדרכת הורים,כמה עולה קורס הדרכת הורים,כמה עולה קורס הדרכת הורים,2026-09-18T14:20:00Z,he,il,AUTOCOMPLETE,HIGH,Observed via Google Autocomplete (PREFIX_כמה עולה)
SIG-0167,כמה עולה מפגש הדרכת הורים,AUTOCOMPLETE,SEED-PAR-01,הדרכת הורים,כמה עולה מפגש הדרכת הורים,כמה עולה מפגש הדרכת הורים,2026-09-18T14:20:00Z,he,il,AUTOCOMPLETE,HIGH,Observed via Google Autocomplete (PREFIX_כמה עולה)
SIG-0168,כמה עולה שעת הדרכת הורים,AUTOCOMPLETE,SEED-PAR-01,הדרכת הורים,כמה עולה שעת הדרכת הורים,כמה עולה שעת הדרכת הורים,2026-09-18T14:20:00Z,he,il,AUTOCOMPLETE,HIGH,Observed via Google Autocomplete (PREFIX_כמה עולה)
SIG-0169,הדרכת הורים אשקלון,AUTOCOMPLETE,SEED-PAR-01,הדרכת הורים,הדרכת הורים אשקלון,הדרכת הורים אשקלון,2026-09-18T14:20:00Z,he,il,AUTOCOMPLETE,HIGH,Observed via Google Autocomplete (SUFFIX_א)
SIG-0170,הדרכת הורים אדלר לימודים,AUTOCOMPLETE,SEED-PAR-01,הדרכת הורים,הדרכת הורים אדלר לימודים,הדרכת הורים אדלר לימודים,2026-09-18T14:20:00Z,he,il,AUTOCOMPLETE,HIGH,Observed via Google Autocomplete (SUFFIX_א)
SIG-0171,הדרכת הורים אוטיזם,AUTOCOMPLETE,SEED-PAR-01,הדרכת הורים,הדרכת הורים אוטיזם,הדרכת הורים אוטיזם,2026-09-18T14:20:00Z,he,il,AUTOCOMPLETE,HIGH,Observed via Google Autocomplete (SUFFIX_א)
SIG-0172,הדרכת הורים אייכה,AUTOCOMPLETE,SEED-PAR-01,הדרכת הורים,הדרכת הורים אייכה,הדרכת הורים אייכה,2026-09-18T14:20:00Z,he,il,AUTOCOMPLETE,HIGH,Observed via Google Autocomplete (SUFFIX_א)
SIG-0173,הדרכת הורים אוטיזם בתפקוד גבוה,AUTOCOMPLETE,SEED-PAR-01,הדרכת הורים,הדרכת הורים אוטיזם בתפקוד גבוה,הדרכת הורים אוטיזם בתפקוד גבוה,2026-09-18T14:20:00Z,he,il,AUTOCOMPLETE,HIGH,Observed via Google Autocomplete (SUFFIX_א)
SIG-0174,הדרכת הורים אוניברסיטת חיפה,AUTOCOMPLETE,SEED-PAR-01,הדרכת הורים,הדרכת הורים אוניברסיטת חיפה,הדרכת הורים אוניברסיטת חיפה,2026-09-18T14:20:00Z,he,il,AUTOCOMPLETE,HIGH,Observed via Google Autocomplete (SUFFIX_א)
SIG-0175,הדרכת הורים אונליין,AUTOCOMPLETE,SEED-PAR-01,הדרכת הורים,הדרכת הורים אונליין,הדרכת הורים אונליין,2026-09-18T14:20:00Z,he,il,AUTOCOMPLETE,HIGH,Observed via Google Autocomplete (SUFFIX_א)
SIG-0176,הדרכת הורים אדלר למטפלים,AUTOCOMPLETE,SEED-PAR-01,הדרכת הורים,הדרכת הורים אדלר למטפלים,הדרכת הורים אדלר למטפלים,2026-09-18T14:20:00Z,he,il,AUTOCOMPLETE,HIGH,Observed via Google Autocomplete (SUFFIX_א)
SIG-0177,הדרכת הורים אורנים,AUTOCOMPLETE,SEED-PAR-01,הדרכת הורים,הדרכת הורים אורנים,הדרכת הורים אורנים,2026-09-18T14:20:00Z,he,il,AUTOCOMPLETE,HIGH,Observed via Google Autocomplete (SUFFIX_א)
SIG-0178,הדרכת הורים בדרום,AUTOCOMPLETE,SEED-PAR-01,הדרכת הורים,הדרכת הורים בדרום,הדרכת הורים בדרום,2026-09-18T14:20:00Z,he,il,AUTOCOMPLETE,HIGH,Observed via Google Autocomplete (SUFFIX_ב)
SIG-0179,הדרכת הורים בר אילן,AUTOCOMPLETE,SEED-PAR-01,הדרכת הורים,הדרכת הורים בר אילן,הדרכת הורים בר אילן,2026-09-18T14:20:00Z,he,il,AUTOCOMPLETE,HIGH,Observed via Google Autocomplete (SUFFIX_ב)
SIG-0180,הדרכת הורים באנגלית,AUTOCOMPLETE,SEED-PAR-01,הדרכת הורים,הדרכת הורים באנגלית,הדרכת הורים באנגלית,2026-09-18T14:20:00Z,he,il,AUTOCOMPLETE,HIGH,Observed via Google Autocomplete (SUFFIX_ב)
SIG-0181,הדרכת הורים בגישה היקשרותית,AUTOCOMPLETE,SEED-PAR-01,הדרכת הורים,הדרכת הורים בגישה היקשרותית,הדרכת הורים בגישה היקשרותית,2026-09-18T14:20:00Z,he,il,AUTOCOMPLETE,HIGH,Observed via Google Autocomplete (SUFFIX_ב)
SIG-0182,הדרכת הורים בשיטת אייכה,AUTOCOMPLETE,SEED-PAR-01,הדרכת הורים,הדרכת הורים בשיטת אייכה,הדרכת הורים בשיטת אייכה,2026-09-18T14:20:00Z,he,il,AUTOCOMPLETE,HIGH,Observed via Google Autocomplete (SUFFIX_ב)
SIG-0183,הדרכת הורים בגישת שפר,AUTOCOMPLETE,SEED-PAR-01,הדרכת הורים,הדרכת הורים בגישת שפר,הדרכת הורים בגישת שפר,2026-09-18T14:20:00Z,he,il,AUTOCOMPLETE,HIGH,Observed via Google Autocomplete (SUFFIX_ב)
SIG-0184,הדרכת הורים בזום,AUTOCOMPLETE,SEED-PAR-01,הדרכת הורים,הדרכת הורים בזום,הדרכת הורים בזום,2026-09-18T14:20:00Z,he,il,AUTOCOMPLETE,HIGH,Observed via Google Autocomplete (SUFFIX_ב)
SIG-0185,הדרכת הורים דרושים,AUTOCOMPLETE,SEED-PAR-01,הדרכת הורים,הדרכת הורים דרושים,הדרכת הורים דרושים,2026-09-18T14:20:00Z,he,il,AUTOCOMPLETE,HIGH,Observed via Google Autocomplete (SUFFIX_ד)
SIG-0186,הדרכת הורים דרך כללית,AUTOCOMPLETE,SEED-PAR-01,הדרכת הורים,הדרכת הורים דרך כללית,הדרכת הורים דרך כללית,2026-09-18T14:20:00Z,he,il,AUTOCOMPLETE,HIGH,Observed via Google Autocomplete (SUFFIX_ד)
SIG-0187,הדרכת הורים דרך מכבי,AUTOCOMPLETE,SEED-PAR-01,הדרכת הורים,הדרכת הורים דרך מכבי,הדרכת הורים דרך מכבי,2026-09-18T14:20:00Z,he,il,AUTOCOMPLETE,HIGH,Observed via Google Autocomplete (SUFFIX_ד)
SIG-0188,הדרכת הורים דוד ילין,AUTOCOMPLETE,SEED-PAR-01,הדרכת הורים,הדרכת הורים דוד ילין,הדרכת הורים דוד ילין,2026-09-18T14:20:00Z,he,il,AUTOCOMPLETE,HIGH,Observed via Google Autocomplete (SUFFIX_ד)
SIG-0189,הדרכת הורים דרך קופת חולים,AUTOCOMPLETE,SEED-PAR-01,הדרכת הורים,הדרכת הורים דרך קופת חולים,הדרכת הורים דרך קופת חולים,2026-09-18T14:20:00Z,he,il,AUTOCOMPLETE,HIGH,Observed via Google Autocomplete (SUFFIX_ד)
SIG-0190,הדרכת הורים דרך כללית מושלם,AUTOCOMPLETE,SEED-PAR-01,הדרכת הורים,הדרכת הורים דרך כללית מושלם,הדרכת הורים דרך כללית מושלם,2026-09-18T14:20:00Z,he,il,AUTOCOMPLETE,HIGH,Observed via Google Autocomplete (SUFFIX_ד)
SIG-0191,הדרכת הורים דרך הקופה,AUTOCOMPLETE,SEED-PAR-01,הדרכת הורים,הדרכת הורים דרך הקופה,הדרכת הורים דרך הקופה,2026-09-18T14:20:00Z,he,il,AUTOCOMPLETE,HIGH,Observed via Google Autocomplete (SUFFIX_ד)
SIG-0192,הדרכת הורים דרך מאוחדת,AUTOCOMPLETE,SEED-PAR-01,הדרכת הורים,הדרכת הורים דרך מאוחדת,הדרכת הורים דרך מאוחדת,2026-09-18T14:20:00Z,he,il,AUTOCOMPLETE,HIGH,Observed via Google Autocomplete (SUFFIX_ד)
SIG-0193,הדרכת הורים דרך הרווחה,AUTOCOMPLETE,SEED-PAR-01,הדרכת הורים,הדרכת הורים דרך הרווחה,הדרכת הורים דרך הרווחה,2026-09-18T14:20:00Z,he,il,AUTOCOMPLETE,HIGH,Observed via Google Autocomplete (SUFFIX_ד)
SIG-0194,הדרכת הורים דתיים,AUTOCOMPLETE,SEED-PAR-01,הדרכת הורים,הדרכת הורים דתיים,הדרכת הורים דתיים,2026-09-18T14:20:00Z,he,il,AUTOCOMPLETE,HIGH,Observed via Google Autocomplete (SUFFIX_ד)
SIG-0195,הדרכת הורים היקשרותית,AUTOCOMPLETE,SEED-PAR-01,הדרכת הורים,הדרכת הורים היקשרותית,הדרכת הורים היקשרותית,2026-09-18T14:20:00Z,he,il,AUTOCOMPLETE,HIGH,Observed via Google Autocomplete (SUFFIX_ה)
SIG-0196,הדרכת הורים הסמכות החדשה,AUTOCOMPLETE,SEED-PAR-01,הדרכת הורים,הדרכת הורים הסמכות החדשה,הדרכת הורים הסמכות החדשה,2026-09-18T14:20:00Z,he,il,AUTOCOMPLETE,HIGH,Observed via Google Autocomplete (SUFFIX_ה)
SIG-0197,הדרכת הורים הפרעות אכילה,AUTOCOMPLETE,SEED-PAR-01,הדרכת הורים,הדרכת הורים הפרעות אכילה,הדרכת הורים הפרעות אכילה,2026-09-18T14:20:00Z,he,il,AUTOCOMPLETE,HIGH,Observed via Google Autocomplete (SUFFIX_ה)
SIG-0198,הדרכת הורים האוניברסיטה הפתוחה,AUTOCOMPLETE,SEED-PAR-01,הדרכת הורים,הדרכת הורים האוניברסיטה הפתוחה,הדרכת הורים האוניברסיטה הפתוחה,2026-09-18T14:20:00Z,he,il,AUTOCOMPLETE,HIGH,Observed via Google Autocomplete (SUFFIX_ה)
SIG-0199,הדרכת הורים המלצות,AUTOCOMPLETE,SEED-PAR-01,הדרכת הורים,הדרכת הורים המלצות,הדרכת הורים המלצות,2026-09-18T14:20:00Z,he,il,AUTOCOMPLETE,HIGH,Observed via Google Autocomplete (SUFFIX_ה)
SIG-0200,הדרכת הורים בהרצליה,AUTOCOMPLETE,SEED-PAR-01,הדרכת הורים,הדרכת הורים בהרצליה,הדרכת הורים בהרצליה,2026-09-18T14:20:00Z,he,il,AUTOCOMPLETE,HIGH,Observed via Google Autocomplete (SUFFIX_ה)
SIG-0201,הדרכת הורים החזר מילואים,AUTOCOMPLETE,SEED-PAR-01,הדרכת הורים,הדרכת הורים החזר מילואים,הדרכת הורים החזר מילואים,2026-09-18T14:20:00Z,he,il,AUTOCOMPLETE,HIGH,Observed via Google Autocomplete (SUFFIX_ה)
SIG-0202,הדרכת הורים הפרעת קשב,AUTOCOMPLETE,SEED-PAR-01,הדרכת הורים,הדרכת הורים הפרעת קשב,הדרכת הורים הפרעת קשב,2026-09-18T14:20:00Z,he,il,AUTOCOMPLETE,HIGH,Observed via Google Autocomplete (SUFFIX_ה)
SIG-0203,הדרכת הורים הוד השרון,AUTOCOMPLETE,SEED-PAR-01,הדרכת הורים,הדרכת הורים הוד השרון,הדרכת הורים הוד השרון,2026-09-18T14:20:00Z,he,il,AUTOCOMPLETE,HIGH,Observed via Google Autocomplete (SUFFIX_ה)
SIG-0204,הדרכת הורים הכשרה,AUTOCOMPLETE,SEED-PAR-01,הדרכת הורים,הדרכת הורים הכשרה,הדרכת הורים הכשרה,2026-09-18T14:20:00Z,he,il,AUTOCOMPLETE,HIGH,Observed via Google Autocomplete (SUFFIX_ה)
SIG-0205,הדרכת הורים למתבגרים,AUTOCOMPLETE,SEED-PAR-01,הדרכת הורים,הדרכת הורים למתבגרים,הדרכת הורים למתבגרים,2026-09-18T14:20:00Z,he,il,AUTOCOMPLETE,HIGH,Observed via Google Autocomplete (SUFFIX_ל)
SIG-0206,הדרכת הורים לילדים עם צרכים מיוחדים,AUTOCOMPLETE,SEED-PAR-01,הדרכת הורים,הדרכת הורים לילדים עם צרכים מיוחדים,הדרכת הורים לילדים עם צרכים מיוחדים,2026-09-18T14:20:00Z,he,il,AUTOCOMPLETE,HIGH,Observed via Google Autocomplete (SUFFIX_ל)
SIG-0207,הדרכת הורים לילדים על הרצף כללית,AUTOCOMPLETE,SEED-PAR-01,הדרכת הורים,הדרכת הורים לילדים על הרצף כללית,הדרכת הורים לילדים על הרצף כללית,2026-09-18T14:20:00Z,he,il,AUTOCOMPLETE,HIGH,Observed via Google Autocomplete (SUFFIX_ל)
SIG-0208,הדרכת הורים לגיל הרך,AUTOCOMPLETE,SEED-PAR-01,הדרכת הורים,הדרכת הורים לגיל הרך,הדרכת הורים לגיל הרך,2026-09-18T14:20:00Z,he,il,AUTOCOMPLETE,HIGH,Observed via Google Autocomplete (SUFFIX_ל)
SIG-0209,הדרכת הורים לילדים על הרצף מכבי,AUTOCOMPLETE,SEED-PAR-01,הדרכת הורים,הדרכת הורים לילדים על הרצף מכבי,הדרכת הורים לילדים על הרצף מכבי,2026-09-18T14:20:00Z,he,il,AUTOCOMPLETE,HIGH,Observed via Google Autocomplete (SUFFIX_ל)
SIG-0210,הדרכת הורים לאומית,AUTOCOMPLETE,SEED-PAR-01,הדרכת הורים,הדרכת הורים לאומית,הדרכת הורים לאומית,2026-09-18T14:20:00Z,he,il,AUTOCOMPLETE,HIGH,Observed via Google Autocomplete (SUFFIX_ל)
SIG-0211,הדרכת הורים לילדים בוגרים,AUTOCOMPLETE,SEED-PAR-01,הדרכת הורים,הדרכת הורים לילדים בוגרים,הדרכת הורים לילדים בוגרים,2026-09-18T14:20:00Z,he,il,AUTOCOMPLETE,HIGH,Observed via Google Autocomplete (SUFFIX_ל)
SIG-0212,הדרכת הורים לילדים עם adhd,AUTOCOMPLETE,SEED-PAR-01,הדרכת הורים,הדרכת הורים לילדים עם adhd,הדרכת הורים לילדים עם adhd,2026-09-18T14:20:00Z,he,il,AUTOCOMPLETE,HIGH,Observed via Google Autocomplete (SUFFIX_ל)
SIG-0213,הדרכת הורים מכון אדלר,AUTOCOMPLETE,SEED-PAR-01,הדרכת הורים,הדרכת הורים מכון אדלר,הדרכת הורים מכון אדלר,2026-09-18T14:20:00Z,he,il,AUTOCOMPLETE,HIGH,Observed via Google Autocomplete (SUFFIX_מ)
SIG-0214,הדרכת הורים מיכל דליות,AUTOCOMPLETE,SEED-PAR-01,הדרכת הורים,הדרכת הורים מיכל דליות,הדרכת הורים מיכל דליות,2026-09-18T14:20:00Z,he,il,AUTOCOMPLETE,HIGH,Observed via Google Autocomplete (SUFFIX_מ)
SIG-0215,הדרכת הורים מאוחדת,AUTOCOMPLETE,SEED-PAR-01,הדרכת הורים,הדרכת הורים מאוחדת,הדרכת הורים מאוחדת,2026-09-18T14:20:00Z,he,il,AUTOCOMPLETE,HIGH,Observed via Google Autocomplete (SUFFIX_מ)
SIG-0216,הדרכת הורים מתבגרים,AUTOCOMPLETE,SEED-PAR-01,הדרכת הורים,הדרכת הורים מתבגרים,הדרכת הורים מתבגרים,2026-09-18T14:20:00Z,he,il,AUTOCOMPLETE,HIGH,Observed via Google Autocomplete (SUFFIX_מ)
SIG-0217,הדרכת הורים מודיעין,AUTOCOMPLETE,SEED-PAR-01,הדרכת הורים,הדרכת הורים מודיעין,הדרכת הורים מודיעין,2026-09-18T14:20:00Z,he,il,AUTOCOMPLETE,HIGH,Observed via Google Autocomplete (SUFFIX_מ)
SIG-0218,הדרכת הורים מכבי שלי,AUTOCOMPLETE,SEED-PAR-01,הדרכת הורים,הדרכת הורים מכבי שלי,הדרכת הורים מכבי שלי,2026-09-18T14:20:00Z,he,il,AUTOCOMPLETE,HIGH,Observed via Google Autocomplete (SUFFIX_מ)
SIG-0219,הדרכת הורים מילואים,AUTOCOMPLETE,SEED-PAR-01,הדרכת הורים,הדרכת הורים מילואים,הדרכת הורים מילואים,2026-09-18T14:20:00Z,he,il,AUTOCOMPLETE,HIGH,Observed via Google Autocomplete (SUFFIX_מ)
SIG-0220,הדרכת הורים מחיר,AUTOCOMPLETE,SEED-PAR-01,הדרכת הורים,הדרכת הורים מחיר,הדרכת הורים מחיר,2026-09-18T14:20:00Z,he,il,AUTOCOMPLETE,HIGH,Observed via Google Autocomplete (SUFFIX_מ)
SIG-0221,הדרכת הורים נתניה,AUTOCOMPLETE,SEED-PAR-01,הדרכת הורים,הדרכת הורים נתניה,הדרכת הורים נתניה,2026-09-18T14:20:00Z,he,il,AUTOCOMPLETE,HIGH,Observed via Google Autocomplete (SUFFIX_נ)
SIG-0222,הדרכת הורים נהריה,AUTOCOMPLETE,SEED-PAR-01,הדרכת הורים,הדרכת הורים נהריה,הדרכת הורים נהריה,2026-09-18T14:20:00Z,he,il,AUTOCOMPLETE,HIGH,Observed via Google Autocomplete (SUFFIX_נ)
SIG-0223,הדרכת הורים נס ציונה,AUTOCOMPLETE,SEED-PAR-01,הדרכת הורים,הדרכת הורים נס ציונה,הדרכת הורים נס ציונה,2026-09-18T14:20:00Z,he,il,AUTOCOMPLETE,HIGH,Observed via Google Autocomplete (SUFFIX_נ)
SIG-0224,הדרכת הורים ניו בורן,AUTOCOMPLETE,SEED-PAR-01,הדרכת הורים,הדרכת הורים ניו בורן,הדרכת הורים ניו בורן,2026-09-18T14:20:00Z,he,il,AUTOCOMPLETE,HIGH,Observed via Google Autocomplete (SUFFIX_נ)
SIG-0225,הדרכת הורים נתיבות,AUTOCOMPLETE,SEED-PAR-01,הדרכת הורים,הדרכת הורים נתיבות,הדרכת הורים נתיבות,2026-09-18T14:20:00Z,he,il,AUTOCOMPLETE,HIGH,Observed via Google Autocomplete (SUFFIX_נ)
SIG-0226,הדרכת הורים נוער,AUTOCOMPLETE,SEED-PAR-01,הדרכת הורים,הדרכת הורים נוער,הדרכת הורים נוער,2026-09-18T14:20:00Z,he,il,AUTOCOMPLETE,HIGH,Observed via Google Autocomplete (SUFFIX_נ)
SIG-0227,הדרכת הורים ניופלד,AUTOCOMPLETE,SEED-PAR-01,הדרכת הורים,הדרכת הורים ניופלד,הדרכת הורים ניופלד,2026-09-18T14:20:00Z,he,il,AUTOCOMPLETE,HIGH,Observed via Google Autocomplete (SUFFIX_נ)
SIG-0228,הדרכת הורים עינת נתן,AUTOCOMPLETE,SEED-PAR-01,הדרכת הורים,הדרכת הורים עינת נתן,הדרכת הורים עינת נתן,2026-09-18T14:20:00Z,he,il,AUTOCOMPLETE,HIGH,Observed via Google Autocomplete (SUFFIX_נ)
SIG-0229,הדרכת הורים סופר נני,AUTOCOMPLETE,SEED-PAR-01,הדרכת הורים,הדרכת הורים סופר נני,הדרכת הורים סופר נני,2026-09-18T14:20:00Z,he,il,AUTOCOMPLETE,HIGH,Observed via Google Autocomplete (SUFFIX_נ)
SIG-0230,נוירו הדרכת הורים,AUTOCOMPLETE,SEED-PAR-01,הדרכת הורים,נוירו הדרכת הורים,נוירו הדרכת הורים,2026-09-18T14:20:00Z,he,il,AUTOCOMPLETE,HIGH,Observed via Google Autocomplete (SUFFIX_נ)
SIG-0231,הדרכת הורים עפולה,AUTOCOMPLETE,SEED-PAR-01,הדרכת הורים,הדרכת הורים עפולה,הדרכת הורים עפולה,2026-09-18T14:20:00Z,he,il,AUTOCOMPLETE,HIGH,Observed via Google Autocomplete (SUFFIX_ע)
SIG-0232,הדרכת הורים עיריית חולון,AUTOCOMPLETE,SEED-PAR-01,הדרכת הורים,הדרכת הורים עיריית חולון,הדרכת הורים עיריית חולון,2026-09-18T14:20:00Z,he,il,AUTOCOMPLETE,HIGH,Observed via Google Autocomplete (SUFFIX_ע)
SIG-0233,הדרכת הורים עיריית תל אביב,AUTOCOMPLETE,SEED-PAR-01,הדרכת הורים,הדרכת הורים עיריית תל אביב,הדרכת הורים עיריית תל אביב,2026-09-18T14:20:00Z,he,il,AUTOCOMPLETE,HIGH,Observed via Google Autocomplete (SUFFIX_ע)
SIG-0234,הדרכת הורים עיריית ראשון לציון,AUTOCOMPLETE,SEED-PAR-01,הדרכת הורים,הדרכת הורים עיריית ראשון לציון,הדרכת הורים עיריית ראשון לציון,2026-09-18T14:20:00Z,he,il,AUTOCOMPLETE,HIGH,Observed via Google Autocomplete (SUFFIX_ע)
SIG-0235,הדרכת הורים עלות,AUTOCOMPLETE,SEED-PAR-01,הדרכת הורים,הדרכת הורים עלות,הדרכת הורים עלות,2026-09-18T14:20:00Z,he,il,AUTOCOMPLETE,HIGH,Observed via Google Autocomplete (SUFFIX_ע)
SIG-0236,הדרכת הורים על הרצף,AUTOCOMPLETE,SEED-PAR-01,הדרכת הורים,הדרכת הורים על הרצף,הדרכת הורים על הרצף,2026-09-18T14:20:00Z,he,il,AUTOCOMPLETE,HIGH,Observed via Google Autocomplete (SUFFIX_ע)
SIG-0237,הדרכת הורים עיריית ירושלים,AUTOCOMPLETE,SEED-PAR-01,הדרכת הורים,הדרכת הורים עיריית ירושלים,הדרכת הורים עיריית ירושלים,2026-09-18T14:20:00Z,he,il,AUTOCOMPLETE,HIGH,Observed via Google Autocomplete (SUFFIX_ע)
SIG-0238,הדרכת הורים עבודה,AUTOCOMPLETE,SEED-PAR-01,הדרכת הורים,הדרכת הורים עבודה,הדרכת הורים עבודה,2026-09-18T14:20:00Z,he,il,AUTOCOMPLETE,HIGH,Observed via Google Autocomplete (SUFFIX_ע)
SIG-0239,הדרכת הורים עיריית רמת גן,AUTOCOMPLETE,SEED-PAR-01,הדרכת הורים,הדרכת הורים עיריית רמת גן,הדרכת הורים עיריית רמת גן,2026-09-18T14:20:00Z,he,il,AUTOCOMPLETE,HIGH,Observed via Google Autocomplete (SUFFIX_ע)
SIG-0240,הדרכת הורים קורס,AUTOCOMPLETE,SEED-PAR-01,הדרכת הורים,הדרכת הורים קורס,הדרכת הורים קורס,2026-09-18T14:20:00Z,he,il,AUTOCOMPLETE,HIGH,Observed via Google Autocomplete (SUFFIX_ק)
SIG-0241,הדרכת הורים קשב וריכוז,AUTOCOMPLETE,SEED-PAR-01,הדרכת הורים,הדרכת הורים קשב וריכוז,הדרכת הורים קשב וריכוז,2026-09-18T14:20:00Z,he,il,AUTOCOMPLETE,HIGH,Observed via Google Autocomplete (SUFFIX_ק)
SIG-0242,הדרכת הורים קופת חולים כללית,AUTOCOMPLETE,SEED-PAR-01,הדרכת הורים,הדרכת הורים קופת חולים כללית,הדרכת הורים קופת חולים כללית,2026-09-18T14:20:00Z,he,il,AUTOCOMPLETE,HIGH,Observed via Google Autocomplete (SUFFIX_ק)
SIG-0243,הדרכת הורים קופת חולים,AUTOCOMPLETE,SEED-PAR-01,הדרכת הורים,הדרכת הורים קופת חולים,הדרכת הורים קופת חולים,2026-09-18T14:20:00Z,he,il,AUTOCOMPLETE,HIGH,Observed via Google Autocomplete (SUFFIX_ק)
SIG-0244,הדרכת הורים קורס דיגיטלי,AUTOCOMPLETE,SEED-PAR-01,הדרכת הורים,הדרכת הורים קורס דיגיטלי,הדרכת הורים קורס דיגיטלי,2026-09-18T14:20:00Z,he,il,AUTOCOMPLETE,HIGH,Observed via Google Autocomplete (SUFFIX_ק)
SIG-0245,הדרכת הורים קופת חולים מאוחדת,AUTOCOMPLETE,SEED-PAR-01,הדרכת הורים,הדרכת הורים קופת חולים מאוחדת,הדרכת הורים קופת חולים מאוחדת,2026-09-18T14:20:00Z,he,il,AUTOCOMPLETE,HIGH,Observed via Google Autocomplete (SUFFIX_ק)
SIG-0246,הדרכת הורים קבוצתית,AUTOCOMPLETE,SEED-PAR-01,הדרכת הורים,הדרכת הורים קבוצתית,הדרכת הורים קבוצתית,2026-09-18T14:20:00Z,he,il,AUTOCOMPLETE,HIGH,Observed via Google Autocomplete (SUFFIX_ק)
SIG-0247,הדרכת הורים קרית אונו,AUTOCOMPLETE,SEED-PAR-01,הדרכת הורים,הדרכת הורים קרית אונו,הדרכת הורים קרית אונו,2026-09-18T14:20:00Z,he,il,AUTOCOMPLETE,HIGH,Observed via Google Autocomplete (SUFFIX_ק)
SIG-0248,הדרכת הורים קופת חולים לאומית,AUTOCOMPLETE,SEED-PAR-01,הדרכת הורים,הדרכת הורים קופת חולים לאומית,הדרכת הורים קופת חולים לאומית,2026-09-18T14:20:00Z,he,il,AUTOCOMPLETE,HIGH,Observed via Google Autocomplete (SUFFIX_ק)
SIG-0249,הדרכת הורים קורס אונליין,AUTOCOMPLETE,SEED-PAR-01,הדרכת הורים,הדרכת הורים קורס אונליין,הדרכת הורים קורס אונליין,2026-09-18T14:20:00Z,he,il,AUTOCOMPLETE,HIGH,Observed via Google Autocomplete (SUFFIX_ק)
SIG-0250,הדרכת הורים רופין,AUTOCOMPLETE,SEED-PAR-01,הדרכת הורים,הדרכת הורים רופין,הדרכת הורים רופין,2026-09-18T14:20:00Z,he,il,AUTOCOMPLETE,HIGH,Observed via Google Autocomplete (SUFFIX_ר)
SIG-0251,הדרכת הורים רחובות,AUTOCOMPLETE,SEED-PAR-01,הדרכת הורים,הדרכת הורים רחובות,הדרכת הורים רחובות,2026-09-18T14:20:00Z,he,il,AUTOCOMPLETE,HIGH,Observed via Google Autocomplete (SUFFIX_ר)
SIG-0252,הדרכת הורים ראשון לציון,AUTOCOMPLETE,SEED-PAR-01,הדרכת הורים,הדרכת הורים ראשון לציון,הדרכת הורים ראשון לציון,2026-09-18T14:20:00Z,he,il,AUTOCOMPLETE,HIGH,Observed via Google Autocomplete (SUFFIX_ר)
SIG-0253,הדרכת הורים ראש העין,AUTOCOMPLETE,SEED-PAR-01,הדרכת הורים,הדרכת הורים ראש העין,הדרכת הורים ראש העין,2026-09-18T14:20:00Z,he,il,AUTOCOMPLETE,HIGH,Observed via Google Autocomplete (SUFFIX_ר)
SIG-0254,הדרכת הורים רותי דריאל,AUTOCOMPLETE,SEED-PAR-01,הדרכת הורים,הדרכת הורים רותי דריאל,הדרכת הורים רותי דריאל,2026-09-18T14:20:00Z,he,il,AUTOCOMPLETE,HIGH,Observed via Google Autocomplete (SUFFIX_ר)
SIG-0255,הדרכת הורים רווחה,AUTOCOMPLETE,SEED-PAR-01,הדרכת הורים,הדרכת הורים רווחה,הדרכת הורים רווחה,2026-09-18T14:20:00Z,he,il,AUTOCOMPLETE,HIGH,Observed via Google Autocomplete (SUFFIX_ר)
SIG-0256,הדרכת הורים רעננה,AUTOCOMPLETE,SEED-PAR-01,הדרכת הורים,הדרכת הורים רעננה,הדרכת הורים רעננה,2026-09-18T14:20:00Z,he,il,AUTOCOMPLETE,HIGH,Observed via Google Autocomplete (SUFFIX_ר)
SIG-0257,הדרכת הורים ברמת גן,AUTOCOMPLETE,SEED-PAR-01,הדרכת הורים,הדרכת הורים ברמת גן,הדרכת הורים ברמת גן,2026-09-18T14:20:00Z,he,il,AUTOCOMPLETE,HIGH,Observed via Google Autocomplete (SUFFIX_ר)
SIG-0258,הדרכת הורים רמזור,AUTOCOMPLETE,SEED-PAR-01,הדרכת הורים,הדרכת הורים רמזור,הדרכת הורים רמזור,2026-09-18T14:20:00Z,he,il,AUTOCOMPLETE,HIGH,Observed via Google Autocomplete (SUFFIX_ר)
SIG-0259,הדרכת הורים רמלה,AUTOCOMPLETE,SEED-PAR-01,הדרכת הורים,הדרכת הורים רמלה,הדרכת הורים רמלה,2026-09-18T14:20:00Z,he,il,AUTOCOMPLETE,HIGH,Observed via Google Autocomplete (SUFFIX_ר)
SIG-0260,הדרכת הורים שיטת אייכה,AUTOCOMPLETE,SEED-PAR-01,הדרכת הורים,הדרכת הורים שיטת אייכה,הדרכת הורים שיטת אייכה,2026-09-18T14:20:00Z,he,il,AUTOCOMPLETE,HIGH,Observed via Google Autocomplete (SUFFIX_ש)
SIG-0261,הדרכת הורים שניידר,AUTOCOMPLETE,SEED-PAR-01,הדרכת הורים,הדרכת הורים שניידר,הדרכת הורים שניידר,2026-09-18T14:20:00Z,he,il,AUTOCOMPLETE,HIGH,Observed via Google Autocomplete (SUFFIX_ש)
SIG-0262,הדרכת הורים שפר,AUTOCOMPLETE,SEED-PAR-01,הדרכת הורים,הדרכת הורים שפר,הדרכת הורים שפר,2026-09-18T14:20:00Z,he,il,AUTOCOMPLETE,HIGH,Observed via Google Autocomplete (SUFFIX_ש)
SIG-0263,הדרכת הורים שכר,AUTOCOMPLETE,SEED-PAR-01,הדרכת הורים,הדרכת הורים שכר,הדרכת הורים שכר,2026-09-18T14:20:00Z,he,il,AUTOCOMPLETE,HIGH,Observed via Google Autocomplete (SUFFIX_ש)
SIG-0264,הדרכת הורים שיטת אדלר,AUTOCOMPLETE,SEED-PAR-01,הדרכת הורים,הדרכת הורים שיטת אדלר,הדרכת הורים שיטת אדלר,2026-09-18T14:20:00Z,he,il,AUTOCOMPLETE,HIGH,Observed via Google Autocomplete (SUFFIX_ש)
SIG-0265,הדרכת הורים שיטות,AUTOCOMPLETE,SEED-PAR-01,הדרכת הורים,הדרכת הורים שיטות,הדרכת הורים שיטות,2026-09-18T14:20:00Z,he,il,AUTOCOMPLETE,HIGH,Observed via Google Autocomplete (SUFFIX_ש)
SIG-0266,הדרכת הורים שיבא,AUTOCOMPLETE,SEED-PAR-01,הדרכת הורים,הדרכת הורים שיבא,הדרכת הורים שיבא,2026-09-18T14:20:00Z,he,il,AUTOCOMPLETE,HIGH,Observed via Google Autocomplete (SUFFIX_ש)
SIG-0267,הדרכת הורים שדרות,AUTOCOMPLETE,SEED-PAR-01,הדרכת הורים,הדרכת הורים שדרות,הדרכת הורים שדרות,2026-09-18T14:20:00Z,he,il,AUTOCOMPLETE,HIGH,Observed via Google Autocomplete (SUFFIX_ש)
SIG-0268,הדרכת הורים שוהם,AUTOCOMPLETE,SEED-PAR-01,הדרכת הורים,הדרכת הורים שוהם,הדרכת הורים שוהם,2026-09-18T14:20:00Z,he,il,AUTOCOMPLETE,HIGH,Observed via Google Autocomplete (SUFFIX_ש)
SIG-0269,הדרכת הורים שפח,AUTOCOMPLETE,SEED-PAR-01,הדרכת הורים,הדרכת הורים שפח,הדרכת הורים שפח,2026-09-18T14:20:00Z,he,il,AUTOCOMPLETE,HIGH,Observed via Google Autocomplete (SUFFIX_ש)
SIG-0270,הדרכת הורים תל חי,AUTOCOMPLETE,SEED-PAR-01,הדרכת הורים,הדרכת הורים תל חי,הדרכת הורים תל חי,2026-09-18T14:20:00Z,he,il,AUTOCOMPLETE,HIGH,Observed via Google Autocomplete (SUFFIX_ת)
SIG-0271,הדרכת הורים תל אביב,AUTOCOMPLETE,SEED-PAR-01,הדרכת הורים,הדרכת הורים תל אביב,הדרכת הורים תל אביב,2026-09-18T14:20:00Z,he,il,AUTOCOMPLETE,HIGH,Observed via Google Autocomplete (SUFFIX_ת)
SIG-0272,הדרכת הורים תואר שני,AUTOCOMPLETE,SEED-PAR-01,הדרכת הורים,הדרכת הורים תואר שני,הדרכת הורים תואר שני,2026-09-18T14:20:00Z,he,il,AUTOCOMPLETE,HIGH,Observed via Google Autocomplete (SUFFIX_ת)
SIG-0273,הדרכת הורים תרגום,AUTOCOMPLETE,SEED-PAR-01,הדרכת הורים,הדרכת הורים תרגום,הדרכת הורים תרגום,2026-09-18T14:20:00Z,he,il,AUTOCOMPLETE,HIGH,Observed via Google Autocomplete (SUFFIX_ת)
SIG-0274,הדרכת הורים תקשורת מקרבת,AUTOCOMPLETE,SEED-PAR-01,הדרכת הורים,הדרכת הורים תקשורת מקרבת,הדרכת הורים תקשורת מקרבת,2026-09-18T14:20:00Z,he,il,AUTOCOMPLETE,HIGH,Observed via Google Autocomplete (SUFFIX_ת)
SIG-0275,הדרכת הורים תעודה,AUTOCOMPLETE,SEED-PAR-01,הדרכת הורים,הדרכת הורים תעודה,הדרכת הורים תעודה,2026-09-18T14:20:00Z,he,il,AUTOCOMPLETE,HIGH,Observed via Google Autocomplete (SUFFIX_ת)
SIG-0276,הדרכת הורים תואר,AUTOCOMPLETE,SEED-PAR-01,הדרכת הורים,הדרכת הורים תואר,הדרכת הורים תואר,2026-09-18T14:20:00Z,he,il,AUTOCOMPLETE,HIGH,Observed via Google Autocomplete (SUFFIX_ת)
SIG-0277,הדרכת הורים תרגום לאנגלית,AUTOCOMPLETE,SEED-PAR-01,הדרכת הורים,הדרכת הורים תרגום לאנגלית,הדרכת הורים תרגום לאנגלית,2026-09-18T14:20:00Z,he,il,AUTOCOMPLETE,HIGH,Observed via Google Autocomplete (SUFFIX_ת)
SIG-0278,הדרכת הורים תלפיות,AUTOCOMPLETE,SEED-PAR-01,הדרכת הורים,הדרכת הורים תלפיות,הדרכת הורים תלפיות,2026-09-18T14:20:00Z,he,il,AUTOCOMPLETE,HIGH,Observed via Google Autocomplete (SUFFIX_ת)
SIG-0279,הדרכת הורים תאומים,AUTOCOMPLETE,SEED-PAR-01,הדרכת הורים,הדרכת הורים תאומים,הדרכת הורים תאומים,2026-09-18T14:20:00Z,he,il,AUTOCOMPLETE,HIGH,Observed via Google Autocomplete (SUFFIX_ת)
SIG-0280,הדרכת הורים אשדוד,AUTOCOMPLETE,SEED-PAR-02,הדרכת הורים אשדוד,הדרכת הורים אשדוד,הדרכת הורים אשדוד,2026-09-18T14:20:00Z,he,il,AUTOCOMPLETE,HIGH,Observed via Google Autocomplete (BASE)
SIG-0281,לימודי הדרכת הורים אשדוד,AUTOCOMPLETE,SEED-PAR-02,הדרכת הורים אשדוד,לימודי הדרכת הורים אשדוד,לימודי הדרכת הורים אשדוד,2026-09-18T14:20:00Z,he,il,AUTOCOMPLETE,HIGH,Observed via Google Autocomplete (BASE)
SIG-0282,הצבת גבולות לילדים,AUTOCOMPLETE,SEED-PAR-03,הצבת גבולות לילדים,הצבת גבולות לילדים,הצבת גבולות לילדים,2026-09-18T14:20:00Z,he,il,AUTOCOMPLETE,HIGH,Observed via Google Autocomplete (BASE)
SIG-0283,הצבת גבולות לילדים בגיל הרך,AUTOCOMPLETE,SEED-PAR-03,הצבת גבולות לילדים,הצבת גבולות לילדים בגיל הרך,הצבת גבולות לילדים בגיל הרך,2026-09-18T14:20:00Z,he,il,AUTOCOMPLETE,HIGH,Observed via Google Autocomplete (BASE)
SIG-0284,הצבת גבולות לילדים מאמרים,AUTOCOMPLETE,SEED-PAR-03,הצבת גבולות לילדים,הצבת גבולות לילדים מאמרים,הצבת גבולות לילדים מאמרים,2026-09-18T14:20:00Z,he,il,AUTOCOMPLETE,HIGH,Observed via Google Autocomplete (BASE)
SIG-0285,הצבת גבולות לילדים בגן,AUTOCOMPLETE,SEED-PAR-03,הצבת גבולות לילדים,הצבת גבולות לילדים בגן,הצבת גבולות לילדים בגן,2026-09-18T14:20:00Z,he,il,AUTOCOMPLETE,HIGH,Observed via Google Autocomplete (BASE)
SIG-0286,הצבת גבולות לילדים מדוע וכיצד,AUTOCOMPLETE,SEED-PAR-03,הצבת גבולות לילדים,הצבת גבולות לילדים מדוע וכיצד,הצבת גבולות לילדים מדוע וכיצד,2026-09-18T14:20:00Z,he,il,AUTOCOMPLETE,HIGH,Observed via Google Autocomplete (BASE)
SIG-0287,מצגת הצבת גבולות לילדים,AUTOCOMPLETE,SEED-PAR-03,הצבת גבולות לילדים,מצגת הצבת גבולות לילדים,מצגת הצבת גבולות לילדים,2026-09-18T14:20:00Z,he,il,AUTOCOMPLETE,HIGH,Observed via Google Autocomplete (BASE)
SIG-0288,התפרצויות זעם אצל ילדים,AUTOCOMPLETE,SEED-PAR-05,התפרצויות זעם אצל ילדים,התפרצויות זעם אצל ילדים,התפרצויות זעם אצל ילדים,2026-09-18T14:20:00Z,he,il,AUTOCOMPLETE,HIGH,Observed via Google Autocomplete (BASE)
SIG-0289,התפרצויות זעם אצל ילדים על הרצף,AUTOCOMPLETE,SEED-PAR-05,התפרצויות זעם אצל ילדים,התפרצויות זעם אצל ילדים על הרצף,התפרצויות זעם אצל ילדים על הרצף,2026-09-18T14:20:00Z,he,il,AUTOCOMPLETE,HIGH,Observed via Google Autocomplete (BASE)
SIG-0290,התפרצויות זעם אצל ילדים בני 5,AUTOCOMPLETE,SEED-PAR-05,התפרצויות זעם אצל ילדים,התפרצויות זעם אצל ילדים בני 5,התפרצויות זעם אצל ילדים בני 5,2026-09-18T14:20:00Z,he,il,AUTOCOMPLETE,HIGH,Observed via Google Autocomplete (BASE)
SIG-0291,התפרצויות זעם אצל ילדים בני 4,AUTOCOMPLETE,SEED-PAR-05,התפרצויות זעם אצל ילדים,התפרצויות זעם אצל ילדים בני 4,התפרצויות זעם אצל ילדים בני 4,2026-09-18T14:20:00Z,he,il,AUTOCOMPLETE,HIGH,Observed via Google Autocomplete (BASE)
SIG-0292,התפרצויות זעם אצל ילדים בני 3,AUTOCOMPLETE,SEED-PAR-05,התפרצויות זעם אצל ילדים,התפרצויות זעם אצל ילדים בני 3,התפרצויות זעם אצל ילדים בני 3,2026-09-18T14:20:00Z,he,il,AUTOCOMPLETE,HIGH,Observed via Google Autocomplete (BASE)
SIG-0293,התפרצויות זעם אצל ילדים בני 6,AUTOCOMPLETE,SEED-PAR-05,התפרצויות זעם אצל ילדים,התפרצויות זעם אצל ילדים בני 6,התפרצויות זעם אצל ילדים בני 6,2026-09-18T14:20:00Z,he,il,AUTOCOMPLETE,HIGH,Observed via Google Autocomplete (BASE)
SIG-0294,איך להפסיק לצעוק על הילדים,AUTOCOMPLETE,SEED-PAR-06,איך להפסיק לצעוק על הילדים,איך להפסיק לצעוק על הילדים,איך להפסיק לצעוק על הילדים,2026-09-18T14:20:00Z,he,il,AUTOCOMPLETE,HIGH,Observed via Google Autocomplete (BASE)
SIG-0295,הדרכת הורים לילדים מחוננים,AUTOCOMPLETE,SEED-PAR-07,הדרכת הורים לילדים מחוננים,הדרכת הורים לילדים מחוננים,הדרכת הורים לילדים מחוננים,2026-09-18T14:20:00Z,he,il,AUTOCOMPLETE,HIGH,Observed via Google Autocomplete (BASE)
SIG-0296,הכנה לנישואין,AUTOCOMPLETE,SEED-PRE-02,הכנה לנישואין,הכנה לנישואין,הכנה לנישואין,2026-09-18T14:20:00Z,he,il,AUTOCOMPLETE,HIGH,Observed via Google Autocomplete (BASE)
SIG-0297,שנה ראשונה לנישואין,AUTOCOMPLETE,SEED-PRE-03,שנה ראשונה לנישואין,שנה ראשונה לנישואין,שנה ראשונה לנישואין,2026-09-18T14:20:00Z,he,il,AUTOCOMPLETE,HIGH,Observed via Google Autocomplete (BASE)
SIG-0298,שנה ראשונה לנישואין קשה,AUTOCOMPLETE,SEED-PRE-03,שנה ראשונה לנישואין,שנה ראשונה לנישואין קשה,שנה ראשונה לנישואין קשה,2026-09-18T14:20:00Z,he,il,AUTOCOMPLETE,HIGH,Observed via Google Autocomplete (BASE)
SIG-0299,הלכות שנה ראשונה לנישואין,AUTOCOMPLETE,SEED-PRE-03,שנה ראשונה לנישואין,הלכות שנה ראשונה לנישואין,הלכות שנה ראשונה לנישואין,2026-09-18T14:20:00Z,he,il,AUTOCOMPLETE,HIGH,Observed via Google Autocomplete (BASE)
SIG-0300,לימודי ייעוץ זוגי לדתיים,AUTOCOMPLETE,SEED-RELIG-01,ייעוץ זוגי לדתיים,לימודי ייעוץ זוגי לדתיים,לימודי ייעוץ זוגי לדתיים,2026-09-18T14:20:00Z,he,il,AUTOCOMPLETE,HIGH,Observed via Google Autocomplete (BASE)
SIG-0301,קורס ייעוץ זוגי לדתיים,AUTOCOMPLETE,SEED-RELIG-01,ייעוץ זוגי לדתיים,קורס ייעוץ זוגי לדתיים,קורס ייעוץ זוגי לדתיים,2026-09-18T14:20:00Z,he,il,AUTOCOMPLETE,HIGH,Observed via Google Autocomplete (BASE)
SIG-0302,לימודי ייעוץ זוגי אונליין,AUTOCOMPLETE,SEED-COUP-09,ייעוץ זוגי אונליין,לימודי ייעוץ זוגי אונליין,לימודי ייעוץ זוגי אונליין,2026-09-18T14:20:00Z,he,il,AUTOCOMPLETE,HIGH,Observed via Google Autocomplete (SUFFIX_ל)
SIG-0303,זוגיות אחרי לידה,AUTOCOMPLETE,SEED-COUP-11,זוגיות אחרי לידה,זוגיות אחרי לידה,זוגיות אחרי לידה,2026-09-18T14:20:00Z,he,il,AUTOCOMPLETE,HIGH,Observed via Google Autocomplete (BASE)
SIG-0304,זוגיות אחרי לידה ראשונה,AUTOCOMPLETE,SEED-COUP-11,זוגיות אחרי לידה,זוגיות אחרי לידה ראשונה,זוגיות אחרי לידה ראשונה,2026-09-18T14:20:00Z,he,il,AUTOCOMPLETE,HIGH,Observed via Google Autocomplete (BASE)
SIG-0305,משבר זוגיות אחרי לידה,AUTOCOMPLETE,SEED-COUP-11,זוגיות אחרי לידה,משבר זוגיות אחרי לידה,משבר זוגיות אחרי לידה,2026-09-18T14:20:00Z,he,il,AUTOCOMPLETE,HIGH,Observed via Google Autocomplete (BASE)
SIG-0306,חרדה חברתית אצל מתבגרים,AUTOCOMPLETE,SEED-PAR-09,חרדה חברתית אצל מתבגרים,חרדה חברתית אצל מתבגרים,חרדה חברתית אצל מתבגרים,2026-09-18T14:20:00Z,he,il,AUTOCOMPLETE,HIGH,Observed via Google Autocomplete (BASE)
SIG-0307,שאלות לפגישה ראשונה,RELATED_SEARCH,SEED-DATE-01,פגישה ראשונה,שאלות לפגישה ראשונה,שאלות לפגישה ראשונה,2026-09-18T14:20:00Z,he,il,"ORGANIC,PAA",HIGH,שאילתת Long-tail מובהקת להיכרות בדייט ראשון
SIG-0308,נושאי שיחה לפגישה ראשונה,RELATED_SEARCH,SEED-DATE-01,פגישה ראשונה,נושאי שיחה לפגישה ראשונה,נושאי שיחה לפגישה ראשונה,2026-09-18T14:20:00Z,he,il,"ORGANIC,PAA",HIGH,חיפוש עזרה בתקשורת ושבירת קרח בדייט
SIG-0309,איך להתנהג בפגישה ראשונה,RELATED_SEARCH,SEED-DATE-01,פגישה ראשונה,איך להתנהג בפגישה ראשונה,איך להתנהג בפגישה ראשונה,2026-09-18T14:20:00Z,he,il,"ORGANIC,PAA",HIGH,חיפוש טיפים והנחיות התנהגות
SIG-0310,על מה לדבר בפגישה ראשונה,PAA,SEED-DATE-01,פגישה ראשונה,על מה לדבר בפגישה ראשונה,על מה לדבר בפגישה ראשונה,2026-09-18T14:20:00Z,he,il,PAA,HIGH,שאלת PAA נפוצה בתוצאות דייטים
SIG-0311,מה אסור לעשות בפגישה ראשונה,PAA,SEED-DATE-01,פגישה ראשונה,מה אסור לעשות בפגישה ראשונה,מה אסור לעשות בפגישה ראשונה,2026-09-18T14:20:00Z,he,il,PAA,HIGH,שאלת PAA סביב טעויות בדייט ראשון
SIG-0312,פגישה ראשונה אילנה אביטל מילים,RELATED_SEARCH,SEED-DATE-01,פגישה ראשונה,פגישה ראשונה אילנה אביטל מילים,פגישה ראשונה אילנה אביטל מילים,2026-09-18T14:20:00Z,he,il,"KNOWLEDGE_PANEL,ORGANIC",HIGH,כוונה מוזיקלית/מילות שיר (מקור העמימות בשאילתת Head)
SIG-0313,פגישה ראשונה אלי עמיר סיכום,RELATED_SEARCH,SEED-DATE-01,פגישה ראשונה,פגישה ראשונה אלי עמיר סיכום,פגישה ראשונה אלי עמיר סיכום,2026-09-18T14:20:00Z,he,il,ORGANIC,HIGH,כוונה ספרותית/לימודית
SIG-0314,איך להראות התלהבות במידה,RELATED_SEARCH,SEED-DATE-02,לא להראות התלהבות בתחילת קשר,איך להראות התלהבות במידה,איך להראות התלהבות במידה,2026-09-18T14:20:00Z,he,il,"ORGANIC,PAA",HIGH,דילמת ויסות וקצב בדייטים
SIG-0315,משחקים בתחילת קשר פסיכולוגיה,RELATED_SEARCH,SEED-DATE-02,לא להראות התלהבות בתחילת קשר,משחקים בתחילת קשר פסיכולוגיה,משחקים בתחילת קשר פסיכולוגיה,2026-09-18T14:20:00Z,he,il,ORGANIC,HIGH,כוונה להבין האם משחקי כוחות מועילים או מזיקים
SIG-0316,התלהבות יתר בתחילת קשר מרתיעה,RELATED_SEARCH,SEED-DATE-02,לא להראות התלהבות בתחילת קשר,התלהבות יתר בתחילת קשר מרתיעה,התלהבות יתר בתחילת קשר מרתיעה,2026-09-18T14:20:00Z,he,il,"ORGANIC,PAA",HIGH,חשש מלהרחיק את הצד השני עקב התלהבות
SIG-0317,האם כדאי לשחק אותה קשה להשגה,PAA,SEED-DATE-02,לא להראות התלהבות בתחילת קשר,האם כדאי לשחק אותה קשה להשגה,האם כדאי לשחק אותה קשה להשגה,2026-09-18T14:20:00Z,he,il,PAA,HIGH,שאלת PAA מרכזית בתחום משחקי הדייטים
SIG-0318,ייעוץ זוגי באשדוד המלצות,RELATED_SEARCH,SEED-COUP-02,ייעוץ זוגי אשדוד,ייעוץ זוגי באשדוד המלצות,ייעוץ זוגי באשדוד המלצות,2026-09-18T14:20:00Z,he,il,"LOCAL_PACK,ORGANIC",HIGH,חיפוש המלצות על מטפלים באשדוד
SIG-0319,התחנה לטיפול זוגי ומשפחתי אשדוד,RELATED_SEARCH,SEED-COUP-02,ייעוץ זוגי אשדוד,התחנה לטיפול זוגי ומשפחתי אשדוד,התחנה לטיפול זוגי ומשפחתי אשדוד,2026-09-18T14:20:00Z,he,il,"LOCAL_PACK,ORGANIC",HIGH,חיפוש מותג השירות העירוני באשדוד
SIG-0320,טיפול זוגי מסובסד באשדוד,RELATED_SEARCH,SEED-COUP-02,ייעוץ זוגי אשדוד,טיפול זוגי מסובסד באשדוד,טיפול זוגי מסובסד באשדוד,2026-09-18T14:20:00Z,he,il,ORGANIC,HIGH,חיפוש טיפול במחיר נגיש/ציבורי בעיר
SIG-0321,המרכז להורות משמעותית אשדוד,RELATED_SEARCH,SEED-PAR-02,הדרכת הורים אשדוד,המרכז להורות משמעותית אשדוד,המרכז להורות משמעותית אשדוד,2026-09-18T14:20:00Z,he,il,"LOCAL_PACK,ORGANIC",HIGH,המרכז העירוני המרכזי להורות באשדוד
SIG-0322,מגשר גירושין מומלץ באשדוד,RELATED_SEARCH,SEED-MED-01,גישור זוגי באשדוד,מגשר גירושין מומלץ באשדוד,מגשר גירושין מומלץ באשדוד,2026-09-18T14:20:00Z,he,il,"LOCAL_PACK,ORGANIC",HIGH,חיפוש מגשר מומלץ בהליכי פרידה באשדוד
SIG-0323,טיפול זוגי בזום מחיר,RELATED_SEARCH,SEED-COUP-09,ייעוץ זוגי אונליין,טיפול זוגי בזום מחיר,טיפול זוגי בזום מחיר,2026-09-18T14:20:00Z,he,il,ORGANIC,HIGH,בירור עלויות של טיפול מקוון
SIG-0324,האם ייעוץ זוגי אונליין עובד,PAA,SEED-COUP-09,ייעוץ זוגי אונליין,האם ייעוץ זוגי אונליין עובד,האם ייעוץ זוגי אונליין עובד,2026-09-18T14:20:00Z,he,il,PAA,HIGH,שאלת אפקטיביות של טיפול מרחוק
SIG-0325,בגידה כלכלית בזוגיות,RELATED_SEARCH,SEED-COUP-10,מריבות על כסף בזוגיות,בגידה כלכלית בזוגיות,בגידה כלכלית בזוגיות,2026-09-18T14:20:00Z,he,il,"ORGANIC,PAA",HIGH,הסתרת הוצאות וחובות בין בני זוג
SIG-0326,איך מדברים על כסף בזוגיות,PAA,SEED-COUP-10,מריבות על כסף בזוגיות,איך מדברים על כסף בזוגיות,איך מדברים על כסף בזוגיות,2026-09-18T14:20:00Z,he,il,PAA,HIGH,פתיחת שיח כלכלי בונה
SIG-0327,אין אינטימיות אחרי לידה,RELATED_SEARCH,SEED-COUP-11,זוגיות אחרי לידה,אין אינטימיות אחרי לידה,אין אינטימיות אחרי לידה,2026-09-18T14:20:00Z,he,il,"ORGANIC,PAA",HIGH,פער בחשק מיני וקרבה גופנית אחרי לידה
SIG-0328,ריבים אחרי לידה ראשונה,RELATED_SEARCH,SEED-COUP-11,זוגיות אחרי לידה,ריבים אחרי לידה ראשונה,ריבים אחרי לידה ראשונה,2026-09-18T14:20:00Z,he,il,ORGANIC,HIGH,משבר מעבר להורות אצל זוגות צעירים
SIG-0329,השפעת הפרעת קשב על חיי הנישואין,RELATED_SEARCH,SEED-COUP-12,זוגיות עם בן זוג עם הפרעת קשב,השפעת הפרעת קשב על חיי הנישואין,השפעת הפרעת קשב על חיי הנישואין,2026-09-18T14:20:00Z,he,il,ORGANIC,HIGH,מאמרים והסברים פסיכו-חינוכיים
SIG-0330,בן זוג עם adhd לא עוזר בבית,RELATED_SEARCH,SEED-COUP-12,זוגיות עם בן זוג עם הפרעת קשב,בן זוג עם adhd לא עוזר בבית,בן זוג עם adhd לא עוזר בבית,2026-09-18T14:20:00Z,he,il,"ORGANIC,PAA",HIGH,כאב קונקרטי סביב חלוקת נטל ודחיינות
SIG-0331,טיפול cbt בחרדה חברתית לנוער,RELATED_SEARCH,SEED-PAR-09,חרדה חברתית אצל מתבגרים,טיפול cbt בחרדה חברתית לנוער,טיפול cbt בחרדה חברתית לנוער,2026-09-18T14:20:00Z,he,il,ORGANIC,HIGH,פנייה לטיפול ממוקד קוגניטיבי התנהגותי
SIG-0332,איך לעזור לילד עם חרדה חברתית,PAA,SEED-PAR-09,חרדה חברתית אצל מתבגרים,איך לעזור לילד עם חרדה חברתית,איך לעזור לילד עם חרדה חברתית,2026-09-18T14:20:00Z,he,il,PAA,HIGH,זווית הדרכת הורים מובהקת
SIG-0333,איך להציב גבולות בלי לצעוק,PAA,SEED-PAR-03,הצבת גבולות לילדים,איך להציב גבולות בלי לצעוק,איך להציב גבולות בלי לצעוק,2026-09-18T14:20:00Z,he,il,PAA,HIGH,שאלת PAA מרכזית בהורות חיובית
SIG-0334,הצבת גבולות לילדים בגיל 3,RELATED_SEARCH,SEED-PAR-03,הצבת גבולות לילדים,הצבת גבולות לילדים בגיל 3,הצבת גבולות לילדים בגיל 3,2026-09-18T14:20:00Z,he,il,ORGANIC,HIGH,גיל הרך / גיל שנתיים-שלוש הנוראי
SIG-0335,איך להרגיע ילד בהתקף זעם,PAA,SEED-PAR-05,התפרצויות זעם אצל ילדים,איך להרגיע ילד בהתקף זעם,איך להרגיע ילד בהתקף זעם,2026-09-18T14:20:00Z,he,il,PAA,HIGH,שאילתת עזרה ראשונה להורים
SIG-0336,התפתחות אסינכרונית אצל מחוננים,RELATED_SEARCH,SEED-PAR-07,הדרכת הורים לילדים מחוננים,התפתחות אסינכרונית אצל מחוננים,התפתחות אסינכרונית אצל מחוננים,2026-09-18T14:20:00Z,he,il,ORGANIC,HIGH,מונח מפתח מקצועי במחוננות
SIG-0337,שאלות שחובה לשאול לפני חתונה,RELATED_SEARCH,SEED-PRE-01,ייעוץ לפני נישואין,שאלות שחובה לשאול לפני חתונה,שאלות שחובה לשאול לפני חתונה,2026-09-18T14:20:00Z,he,il,"ORGANIC,PAA",HIGH,שאילתת בירור ציפיות לפני מיסוד
SIG-0338,איך לשפר את התקשורת בזוגיות,PAA,SEED-COUP-04,תקשורת זוגית,איך לשפר את התקשורת בזוגיות,איך לשפר את התקשורת בזוגיות,2026-09-18T14:20:00Z,he,il,PAA,HIGH,שאלת ליבה בחיפושי מידע על זוגיות
SIG-0339,סימנים שהזוגיות במשבר,PAA,SEED-COUP-07,משבר בזוגיות מה לעשות,סימנים שהזוגיות במשבר,סימנים שהזוגיות במשבר,2026-09-18T14:20:00Z,he,il,PAA,HIGH,אבחון עצמי של חומרת המשבר
SIG-0340,איך יודעים שהגיע הזמן להתגרש,RELATED_SEARCH,SEED-COUP-08,איך לדעת אם להיפרד או להישאר,איך יודעים שהגיע הזמן להתגרש,איך יודעים שהגיע הזמן להתגרש,2026-09-18T14:20:00Z,he,il,"ORGANIC,PAA",HIGH,שאילתת הכרעה כואבת לקראת פירוק נישואין
